solver,implementation,nranks,n1,n2,n3,nsys,nrow_min,nrow_max,iter,iterations,mpi_mode,total_s_max,total_s_avg,local_compute_s_max,pack_forward_s_max,mpi_forward_s_max,unpack_forward_s_max,reduced_compute_s_max,pack_backward_s_max,mpi_backward_s_max,unpack_backward_s_max,update_compute_s_max,compute_s_max,communication_s_max,packing_s_max,err_rms,err_linf,cross_err_max
penta,exp,1,128,128,1024,16384,1024,1024,0,10,host,  1.0114539000000001E-02,  1.0114539000000001E-02,  1.0113491000000000E-02,  0.0000000000000000E+00,  0.0000000000000000E+00,  0.0000000000000000E+00,  0.0000000000000000E+00,  0.0000000000000000E+00,  0.0000000000000000E+00,  0.0000000000000000E+00,  0.0000000000000000E+00,  1.0113491000000000E-02,  0.0000000000000000E+00,  0.0000000000000000E+00,  1.3121740235579393E-13,  1.9828583219805296E-13,  0.0000000000000000E+00
penta,serial,1,128,128,1024,16384,1024,1024,0,10,host,  3.9219317000000004E-02,  3.9219317000000004E-02,  0.0000000000000000E+00,  0.0000000000000000E+00,  0.0000000000000000E+00,  0.0000000000000000E+00,  0.0000000000000000E+00,  0.0000000000000000E+00,  0.0000000000000000E+00,  0.0000000000000000E+00,  0.0000000000000000E+00,  0.0000000000000000E+00,  0.0000000000000000E+00,  0.0000000000000000E+00,  1.3121740235579393E-13,  1.9828583219805296E-13,  0.0000000000000000E+00
penta,exp,1,128,128,1024,16384,1024,1024,1,10,host,  1.0955628000000495E-02,  1.0955628000000495E-02,  1.0954208999999437E-02,  0.0000000000000000E+00,  0.0000000000000000E+00,  0.0000000000000000E+00,  0.0000000000000000E+00,  0.0000000000000000E+00,  0.0000000000000000E+00,  0.0000000000000000E+00,  0.0000000000000000E+00,  1.0954208999999437E-02,  0.0000000000000000E+00,  0.0000000000000000E+00,  1.3121740235579393E-13,  1.9828583219805296E-13,  0.0000000000000000E+00
penta,serial,1,128,128,1024,16384,1024,1024,1,10,host,  3.8470347000000515E-02,  3.8470347000000515E-02,  0.0000000000000000E+00,  0.0000000000000000E+00,  0.0000000000000000E+00,  0.0000000000000000E+00,  0.0000000000000000E+00,  0.0000000000000000E+00,  0.0000000000000000E+00,  0.0000000000000000E+00,  0.0000000000000000E+00,  0.0000000000000000E+00,  0.0000000000000000E+00,  0.0000000000000000E+00,  1.3121740235579393E-13,  1.9828583219805296E-13,  0.0000000000000000E+00
penta,exp,1,128,128,1024,16384,1024,1024,2,10,host,  1.0850317000000054E-02,  1.0850317000000054E-02,  1.0849066000000462E-02,  0.0000000000000000E+00,  0.0000000000000000E+00,  0.0000000000000000E+00,  0.0000000000000000E+00,  0.0000000000000000E+00,  0.0000000000000000E+00,  0.0000000000000000E+00,  0.0000000000000000E+00,  1.0849066000000462E-02,  0.0000000000000000E+00,  0.0000000000000000E+00,  1.3121740235579393E-13,  1.9828583219805296E-13,  0.0000000000000000E+00
penta,serial,1,128,128,1024,16384,1024,1024,2,10,host,  3.8055095999999899E-02,  3.8055095999999899E-02,  0.0000000000000000E+00,  0.0000000000000000E+00,  0.0000000000000000E+00,  0.0000000000000000E+00,  0.0000000000000000E+00,  0.0000000000000000E+00,  0.0000000000000000E+00,  0.0000000000000000E+00,  0.0000000000000000E+00,  0.0000000000000000E+00,  0.0000000000000000E+00,  0.0000000000000000E+00,  1.3121740235579393E-13,  1.9828583219805296E-13,  0.0000000000000000E+00
penta,exp,1,128,128,1024,16384,1024,1024,3,10,host,  1.0443710999999745E-02,  1.0443710999999745E-02,  1.0442545000000081E-02,  0.0000000000000000E+00,  0.0000000000000000E+00,  0.0000000000000000E+00,  0.0000000000000000E+00,  0.0000000000000000E+00,  0.0000000000000000E+00,  0.0000000000000000E+00,  0.0000000000000000E+00,  1.0442545000000081E-02,  0.0000000000000000E+00,  0.0000000000000000E+00,  1.3121740235579393E-13,  1.9828583219805296E-13,  0.0000000000000000E+00
penta,serial,1,128,128,1024,16384,1024,1024,3,10,host,  4.4253921000000140E-02,  4.4253921000000140E-02,  0.0000000000000000E+00,  0.0000000000000000E+00,  0.0000000000000000E+00,  0.0000000000000000E+00,  0.0000000000000000E+00,  0.0000000000000000E+00,  0.0000000000000000E+00,  0.0000000000000000E+00,  0.0000000000000000E+00,  0.0000000000000000E+00,  0.0000000000000000E+00,  0.0000000000000000E+00,  1.3121740235579393E-13,  1.9828583219805296E-13,  0.0000000000000000E+00
penta,exp,1,128,128,1024,16384,1024,1024,4,10,host,  1.0283470000000072E-02,  1.0283470000000072E-02,  1.0282649999999727E-02,  0.0000000000000000E+00,  0.0000000000000000E+00,  0.0000000000000000E+00,  0.0000000000000000E+00,  0.0000000000000000E+00,  0.0000000000000000E+00,  0.0000000000000000E+00,  0.0000000000000000E+00,  1.0282649999999727E-02,  0.0000000000000000E+00,  0.0000000000000000E+00,  1.3121740235579393E-13,  1.9828583219805296E-13,  0.0000000000000000E+00
penta,serial,1,128,128,1024,16384,1024,1024,4,10,host,  3.7404044000000525E-02,  3.7404044000000525E-02,  0.0000000000000000E+00,  0.0000000000000000E+00,  0.0000000000000000E+00,  0.0000000000000000E+00,  0.0000000000000000E+00,  0.0000000000000000E+00,  0.0000000000000000E+00,  0.0000000000000000E+00,  0.0000000000000000E+00,  0.0000000000000000E+00,  0.0000000000000000E+00,  0.0000000000000000E+00,  1.3121740235579393E-13,  1.9828583219805296E-13,  0.0000000000000000E+00
penta,exp,1,128,128,1024,16384,1024,1024,5,10,host,  1.0382820000000237E-02,  1.0382820000000237E-02,  1.0381612000000651E-02,  0.0000000000000000E+00,  0.0000000000000000E+00,  0.0000000000000000E+00,  0.0000000000000000E+00,  0.0000000000000000E+00,  0.0000000000000000E+00,  0.0000000000000000E+00,  0.0000000000000000E+00,  1.0381612000000651E-02,  0.0000000000000000E+00,  0.0000000000000000E+00,  1.3121740235579393E-13,  1.9828583219805296E-13,  0.0000000000000000E+00
penta,serial,1,128,128,1024,16384,1024,1024,5,10,host,  3.7719354000000038E-02,  3.7719354000000038E-02,  0.0000000000000000E+00,  0.0000000000000000E+00,  0.0000000000000000E+00,  0.0000000000000000E+00,  0.0000000000000000E+00,  0.0000000000000000E+00,  0.0000000000000000E+00,  0.0000000000000000E+00,  0.0000000000000000E+00,  0.0000000000000000E+00,  0.0000000000000000E+00,  0.0000000000000000E+00,  1.3121740235579393E-13,  1.9828583219805296E-13,  0.0000000000000000E+00
penta,exp,1,128,128,1024,16384,1024,1024,6,10,host,  1.0523371999999753E-02,  1.0523371999999753E-02,  1.0522458000000512E-02,  0.0000000000000000E+00,  0.0000000000000000E+00,  0.0000000000000000E+00,  0.0000000000000000E+00,  0.0000000000000000E+00,  0.0000000000000000E+00,  0.0000000000000000E+00,  0.0000000000000000E+00,  1.0522458000000512E-02,  0.0000000000000000E+00,  0.0000000000000000E+00,  1.3121740235579393E-13,  1.9828583219805296E-13,  0.0000000000000000E+00
penta,serial,1,128,128,1024,16384,1024,1024,6,10,host,  4.4504554999999613E-02,  4.4504554999999613E-02,  0.0000000000000000E+00,  0.0000000000000000E+00,  0.0000000000000000E+00,  0.0000000000000000E+00,  0.0000000000000000E+00,  0.0000000000000000E+00,  0.0000000000000000E+00,  0.0000000000000000E+00,  0.0000000000000000E+00,  0.0000000000000000E+00,  0.0000000000000000E+00,  0.0000000000000000E+00,  1.3121740235579393E-13,  1.9828583219805296E-13,  0.0000000000000000E+00
penta,exp,1,128,128,1024,16384,1024,1024,7,10,host,  1.1133638999999640E-02,  1.1133638999999640E-02,  1.1132588000000609E-02,  0.0000000000000000E+00,  0.0000000000000000E+00,  0.0000000000000000E+00,  0.0000000000000000E+00,  0.0000000000000000E+00,  0.0000000000000000E+00,  0.0000000000000000E+00,  0.0000000000000000E+00,  1.1132588000000609E-02,  0.0000000000000000E+00,  0.0000000000000000E+00,  1.3121740235579393E-13,  1.9828583219805296E-13,  0.0000000000000000E+00
penta,serial,1,128,128,1024,16384,1024,1024,7,10,host,  3.5317179999999837E-02,  3.5317179999999837E-02,  0.0000000000000000E+00,  0.0000000000000000E+00,  0.0000000000000000E+00,  0.0000000000000000E+00,  0.0000000000000000E+00,  0.0000000000000000E+00,  0.0000000000000000E+00,  0.0000000000000000E+00,  0.0000000000000000E+00,  0.0000000000000000E+00,  0.0000000000000000E+00,  0.0000000000000000E+00,  1.3121740235579393E-13,  1.9828583219805296E-13,  0.0000000000000000E+00
penta,exp,1,128,128,1024,16384,1024,1024,8,10,host,  1.0312608000000445E-02,  1.0312608000000445E-02,  1.0311767999999333E-02,  0.0000000000000000E+00,  0.0000000000000000E+00,  0.0000000000000000E+00,  0.0000000000000000E+00,  0.0000000000000000E+00,  0.0000000000000000E+00,  0.0000000000000000E+00,  0.0000000000000000E+00,  1.0311767999999333E-02,  0.0000000000000000E+00,  0.0000000000000000E+00,  1.3121740235579393E-13,  1.9828583219805296E-13,  0.0000000000000000E+00
penta,serial,1,128,128,1024,16384,1024,1024,8,10,host,  5.3823309000000208E-02,  5.3823309000000208E-02,  0.0000000000000000E+00,  0.0000000000000000E+00,  0.0000000000000000E+00,  0.0000000000000000E+00,  0.0000000000000000E+00,  0.0000000000000000E+00,  0.0000000000000000E+00,  0.0000000000000000E+00,  0.0000000000000000E+00,  0.0000000000000000E+00,  0.0000000000000000E+00,  0.0000000000000000E+00,  1.3121740235579393E-13,  1.9828583219805296E-13,  0.0000000000000000E+00
penta,exp,1,128,128,1024,16384,1024,1024,9,10,host,  9.9787789999998822E-03,  9.9787789999998822E-03,  9.9774750000003465E-03,  0.0000000000000000E+00,  0.0000000000000000E+00,  0.0000000000000000E+00,  0.0000000000000000E+00,  0.0000000000000000E+00,  0.0000000000000000E+00,  0.0000000000000000E+00,  0.0000000000000000E+00,  9.9774750000003465E-03,  0.0000000000000000E+00,  0.0000000000000000E+00,  1.3121740235579393E-13,  1.9828583219805296E-13,  0.0000000000000000E+00
penta,serial,1,128,128,1024,16384,1024,1024,9,10,host,  4.0907859000000713E-02,  4.0907859000000713E-02,  0.0000000000000000E+00,  0.0000000000000000E+00,  0.0000000000000000E+00,  0.0000000000000000E+00,  0.0000000000000000E+00,  0.0000000000000000E+00,  0.0000000000000000E+00,  0.0000000000000000E+00,  0.0000000000000000E+00,  0.0000000000000000E+00,  0.0000000000000000E+00,  0.0000000000000000E+00,  1.3121740235579393E-13,  1.9828583219805296E-13,  0.0000000000000000E+00
penta,exp,1,128,128,2048,16384,2048,2048,0,10,host,  1.9734771000000002E-02,  1.9734771000000002E-02,  1.9733437000000000E-02,  0.0000000000000000E+00,  0.0000000000000000E+00,  0.0000000000000000E+00,  0.0000000000000000E+00,  0.0000000000000000E+00,  0.0000000000000000E+00,  0.0000000000000000E+00,  0.0000000000000000E+00,  1.9733437000000000E-02,  0.0000000000000000E+00,  0.0000000000000000E+00,  9.8457238703331875E-13,  1.4557244298885053E-12,  0.0000000000000000E+00
penta,serial,1,128,128,2048,16384,2048,2048,0,10,host,  7.0566007000000000E-02,  7.0566007000000000E-02,  0.0000000000000000E+00,  0.0000000000000000E+00,  0.0000000000000000E+00,  0.0000000000000000E+00,  0.0000000000000000E+00,  0.0000000000000000E+00,  0.0000000000000000E+00,  0.0000000000000000E+00,  0.0000000000000000E+00,  0.0000000000000000E+00,  0.0000000000000000E+00,  0.0000000000000000E+00,  9.8457238703331875E-13,  1.4557244298885053E-12,  0.0000000000000000E+00
penta,exp,1,128,128,2048,16384,2048,2048,1,10,host,  1.7523846299999946E-01,  1.7523846299999946E-01,  1.7523694399999989E-01,  0.0000000000000000E+00,  0.0000000000000000E+00,  0.0000000000000000E+00,  0.0000000000000000E+00,  0.0000000000000000E+00,  0.0000000000000000E+00,  0.0000000000000000E+00,  0.0000000000000000E+00,  1.7523694399999989E-01,  0.0000000000000000E+00,  0.0000000000000000E+00,  9.8457238703331875E-13,  1.4557244298885053E-12,  0.0000000000000000E+00
penta,serial,1,128,128,2048,16384,2048,2048,1,10,host,  7.9294817999999267E-02,  7.9294817999999267E-02,  0.0000000000000000E+00,  0.0000000000000000E+00,  0.0000000000000000E+00,  0.0000000000000000E+00,  0.0000000000000000E+00,  0.0000000000000000E+00,  0.0000000000000000E+00,  0.0000000000000000E+00,  0.0000000000000000E+00,  0.0000000000000000E+00,  0.0000000000000000E+00,  0.0000000000000000E+00,  9.8457238703331875E-13,  1.4557244298885053E-12,  0.0000000000000000E+00
penta,exp,1,128,128,2048,16384,2048,2048,2,10,host,  2.6607129000000285E-02,  2.6607129000000285E-02,  2.6605452000000085E-02,  0.0000000000000000E+00,  0.0000000000000000E+00,  0.0000000000000000E+00,  0.0000000000000000E+00,  0.0000000000000000E+00,  0.0000000000000000E+00,  0.0000000000000000E+00,  0.0000000000000000E+00,  2.6605452000000085E-02,  0.0000000000000000E+00,  0.0000000000000000E+00,  9.8457238703331875E-13,  1.4557244298885053E-12,  0.0000000000000000E+00
penta,serial,1,128,128,2048,16384,2048,2048,2,10,host,  8.7881601999999504E-02,  8.7881601999999504E-02,  0.0000000000000000E+00,  0.0000000000000000E+00,  0.0000000000000000E+00,  0.0000000000000000E+00,  0.0000000000000000E+00,  0.0000000000000000E+00,  0.0000000000000000E+00,  0.0000000000000000E+00,  0.0000000000000000E+00,  0.0000000000000000E+00,  0.0000000000000000E+00,  0.0000000000000000E+00,  9.8457238703331875E-13,  1.4557244298885053E-12,  0.0000000000000000E+00
penta,exp,1,128,128,2048,16384,2048,2048,3,10,host,  2.6359402000000642E-02,  2.6359402000000642E-02,  2.6357925999999310E-02,  0.0000000000000000E+00,  0.0000000000000000E+00,  0.0000000000000000E+00,  0.0000000000000000E+00,  0.0000000000000000E+00,  0.0000000000000000E+00,  0.0000000000000000E+00,  0.0000000000000000E+00,  2.6357925999999310E-02,  0.0000000000000000E+00,  0.0000000000000000E+00,  9.8457238703331875E-13,  1.4557244298885053E-12,  0.0000000000000000E+00
penta,serial,1,128,128,2048,16384,2048,2048,3,10,host,  8.6604384999999340E-02,  8.6604384999999340E-02,  0.0000000000000000E+00,  0.0000000000000000E+00,  0.0000000000000000E+00,  0.0000000000000000E+00,  0.0000000000000000E+00,  0.0000000000000000E+00,  0.0000000000000000E+00,  0.0000000000000000E+00,  0.0000000000000000E+00,  0.0000000000000000E+00,  0.0000000000000000E+00,  0.0000000000000000E+00,  9.8457238703331875E-13,  1.4557244298885053E-12,  0.0000000000000000E+00
penta,exp,1,128,128,2048,16384,2048,2048,4,10,host,  2.6819872000000800E-02,  2.6819872000000800E-02,  2.6818711000000661E-02,  0.0000000000000000E+00,  0.0000000000000000E+00,  0.0000000000000000E+00,  0.0000000000000000E+00,  0.0000000000000000E+00,  0.0000000000000000E+00,  0.0000000000000000E+00,  0.0000000000000000E+00,  2.6818711000000661E-02,  0.0000000000000000E+00,  0.0000000000000000E+00,  9.8457238703331875E-13,  1.4557244298885053E-12,  0.0000000000000000E+00
penta,serial,1,128,128,2048,16384,2048,2048,4,10,host,  7.8407548999999577E-02,  7.8407548999999577E-02,  0.0000000000000000E+00,  0.0000000000000000E+00,  0.0000000000000000E+00,  0.0000000000000000E+00,  0.0000000000000000E+00,  0.0000000000000000E+00,  0.0000000000000000E+00,  0.0000000000000000E+00,  0.0000000000000000E+00,  0.0000000000000000E+00,  0.0000000000000000E+00,  0.0000000000000000E+00,  9.8457238703331875E-13,  1.4557244298885053E-12,  0.0000000000000000E+00
penta,exp,1,128,128,2048,16384,2048,2048,5,10,host,  2.6942029000000645E-02,  2.6942029000000645E-02,  2.6940594999999234E-02,  0.0000000000000000E+00,  0.0000000000000000E+00,  0.0000000000000000E+00,  0.0000000000000000E+00,  0.0000000000000000E+00,  0.0000000000000000E+00,  0.0000000000000000E+00,  0.0000000000000000E+00,  2.6940594999999234E-02,  0.0000000000000000E+00,  0.0000000000000000E+00,  9.8457238703331875E-13,  1.4557244298885053E-12,  0.0000000000000000E+00
penta,serial,1,128,128,2048,16384,2048,2048,5,10,host,  7.8778043999999880E-02,  7.8778043999999880E-02,  0.0000000000000000E+00,  0.0000000000000000E+00,  0.0000000000000000E+00,  0.0000000000000000E+00,  0.0000000000000000E+00,  0.0000000000000000E+00,  0.0000000000000000E+00,  0.0000000000000000E+00,  0.0000000000000000E+00,  0.0000000000000000E+00,  0.0000000000000000E+00,  0.0000000000000000E+00,  9.8457238703331875E-13,  1.4557244298885053E-12,  0.0000000000000000E+00
penta,exp,1,128,128,2048,16384,2048,2048,6,10,host,  2.2387205999999438E-02,  2.2387205999999438E-02,  2.2386057000000292E-02,  0.0000000000000000E+00,  0.0000000000000000E+00,  0.0000000000000000E+00,  0.0000000000000000E+00,  0.0000000000000000E+00,  0.0000000000000000E+00,  0.0000000000000000E+00,  0.0000000000000000E+00,  2.2386057000000292E-02,  0.0000000000000000E+00,  0.0000000000000000E+00,  9.8457238703331875E-13,  1.4557244298885053E-12,  0.0000000000000000E+00
penta,serial,1,128,128,2048,16384,2048,2048,6,10,host,  7.2726976000000221E-02,  7.2726976000000221E-02,  0.0000000000000000E+00,  0.0000000000000000E+00,  0.0000000000000000E+00,  0.0000000000000000E+00,  0.0000000000000000E+00,  0.0000000000000000E+00,  0.0000000000000000E+00,  0.0000000000000000E+00,  0.0000000000000000E+00,  0.0000000000000000E+00,  0.0000000000000000E+00,  0.0000000000000000E+00,  9.8457238703331875E-13,  1.4557244298885053E-12,  0.0000000000000000E+00
penta,exp,1,128,128,2048,16384,2048,2048,7,10,host,  2.2783233000000180E-02,  2.2783233000000180E-02,  2.2781809000001374E-02,  0.0000000000000000E+00,  0.0000000000000000E+00,  0.0000000000000000E+00,  0.0000000000000000E+00,  0.0000000000000000E+00,  0.0000000000000000E+00,  0.0000000000000000E+00,  0.0000000000000000E+00,  2.2781809000001374E-02,  0.0000000000000000E+00,  0.0000000000000000E+00,  9.8457238703331875E-13,  1.4557244298885053E-12,  0.0000000000000000E+00
penta,serial,1,128,128,2048,16384,2048,2048,7,10,host,  7.6638579000000817E-02,  7.6638579000000817E-02,  0.0000000000000000E+00,  0.0000000000000000E+00,  0.0000000000000000E+00,  0.0000000000000000E+00,  0.0000000000000000E+00,  0.0000000000000000E+00,  0.0000000000000000E+00,  0.0000000000000000E+00,  0.0000000000000000E+00,  0.0000000000000000E+00,  0.0000000000000000E+00,  0.0000000000000000E+00,  9.8457238703331875E-13,  1.4557244298885053E-12,  0.0000000000000000E+00
penta,exp,1,128,128,2048,16384,2048,2048,8,10,host,  2.2468441000000894E-02,  2.2468441000000894E-02,  2.2466858999999673E-02,  0.0000000000000000E+00,  0.0000000000000000E+00,  0.0000000000000000E+00,  0.0000000000000000E+00,  0.0000000000000000E+00,  0.0000000000000000E+00,  0.0000000000000000E+00,  0.0000000000000000E+00,  2.2466858999999673E-02,  0.0000000000000000E+00,  0.0000000000000000E+00,  9.8457238703331875E-13,  1.4557244298885053E-12,  0.0000000000000000E+00
penta,serial,1,128,128,2048,16384,2048,2048,8,10,host,  7.5236065000000352E-02,  7.5236065000000352E-02,  0.0000000000000000E+00,  0.0000000000000000E+00,  0.0000000000000000E+00,  0.0000000000000000E+00,  0.0000000000000000E+00,  0.0000000000000000E+00,  0.0000000000000000E+00,  0.0000000000000000E+00,  0.0000000000000000E+00,  0.0000000000000000E+00,  0.0000000000000000E+00,  0.0000000000000000E+00,  9.8457238703331875E-13,  1.4557244298885053E-12,  0.0000000000000000E+00
penta,exp,1,128,128,2048,16384,2048,2048,9,10,host,  2.2992113000000813E-02,  2.2992113000000813E-02,  2.2990488999999670E-02,  0.0000000000000000E+00,  0.0000000000000000E+00,  0.0000000000000000E+00,  0.0000000000000000E+00,  0.0000000000000000E+00,  0.0000000000000000E+00,  0.0000000000000000E+00,  0.0000000000000000E+00,  2.2990488999999670E-02,  0.0000000000000000E+00,  0.0000000000000000E+00,  9.8457238703331875E-13,  1.4557244298885053E-12,  0.0000000000000000E+00
penta,serial,1,128,128,2048,16384,2048,2048,9,10,host,  8.3208521999999618E-02,  8.3208521999999618E-02,  0.0000000000000000E+00,  0.0000000000000000E+00,  0.0000000000000000E+00,  0.0000000000000000E+00,  0.0000000000000000E+00,  0.0000000000000000E+00,  0.0000000000000000E+00,  0.0000000000000000E+00,  0.0000000000000000E+00,  0.0000000000000000E+00,  0.0000000000000000E+00,  0.0000000000000000E+00,  9.8457238703331875E-13,  1.4557244298885053E-12,  0.0000000000000000E+00
penta,exp,1,128,64,2048,8192,2048,2048,0,10,host,  1.0403087000000000E-02,  1.0403087000000000E-02,  1.0401790000000001E-02,  0.0000000000000000E+00,  0.0000000000000000E+00,  0.0000000000000000E+00,  0.0000000000000000E+00,  0.0000000000000000E+00,  0.0000000000000000E+00,  0.0000000000000000E+00,  0.0000000000000000E+00,  1.0401790000000001E-02,  0.0000000000000000E+00,  0.0000000000000000E+00,  9.8457238703331875E-13,  1.4557244298885053E-12,  0.0000000000000000E+00
penta,serial,1,128,64,2048,8192,2048,2048,0,10,host,  7.7277805000000005E-02,  7.7277805000000005E-02,  0.0000000000000000E+00,  0.0000000000000000E+00,  0.0000000000000000E+00,  0.0000000000000000E+00,  0.0000000000000000E+00,  0.0000000000000000E+00,  0.0000000000000000E+00,  0.0000000000000000E+00,  0.0000000000000000E+00,  0.0000000000000000E+00,  0.0000000000000000E+00,  0.0000000000000000E+00,  9.8457238703331875E-13,  1.4557244298885053E-12,  0.0000000000000000E+00
penta,exp,1,128,64,2048,8192,2048,2048,1,10,host,  1.0137068999999777E-02,  1.0137068999999777E-02,  1.0135634000000060E-02,  0.0000000000000000E+00,  0.0000000000000000E+00,  0.0000000000000000E+00,  0.0000000000000000E+00,  0.0000000000000000E+00,  0.0000000000000000E+00,  0.0000000000000000E+00,  0.0000000000000000E+00,  1.0135634000000060E-02,  0.0000000000000000E+00,  0.0000000000000000E+00,  9.8457238703331875E-13,  1.4557244298885053E-12,  0.0000000000000000E+00
penta,serial,1,128,64,2048,8192,2048,2048,1,10,host,  7.2533696000000258E-02,  7.2533696000000258E-02,  0.0000000000000000E+00,  0.0000000000000000E+00,  0.0000000000000000E+00,  0.0000000000000000E+00,  0.0000000000000000E+00,  0.0000000000000000E+00,  0.0000000000000000E+00,  0.0000000000000000E+00,  0.0000000000000000E+00,  0.0000000000000000E+00,  0.0000000000000000E+00,  0.0000000000000000E+00,  9.8457238703331875E-13,  1.4557244298885053E-12,  0.0000000000000000E+00
penta,exp,1,128,64,2048,8192,2048,2048,2,10,host,  9.9988540000000015E-03,  9.9988540000000015E-03,  9.9980419999998738E-03,  0.0000000000000000E+00,  0.0000000000000000E+00,  0.0000000000000000E+00,  0.0000000000000000E+00,  0.0000000000000000E+00,  0.0000000000000000E+00,  0.0000000000000000E+00,  0.0000000000000000E+00,  9.9980419999998738E-03,  0.0000000000000000E+00,  0.0000000000000000E+00,  9.8457238703331875E-13,  1.4557244298885053E-12,  0.0000000000000000E+00
penta,serial,1,128,64,2048,8192,2048,2048,2,10,host,  7.3604377000000110E-02,  7.3604377000000110E-02,  0.0000000000000000E+00,  0.0000000000000000E+00,  0.0000000000000000E+00,  0.0000000000000000E+00,  0.0000000000000000E+00,  0.0000000000000000E+00,  0.0000000000000000E+00,  0.0000000000000000E+00,  0.0000000000000000E+00,  0.0000000000000000E+00,  0.0000000000000000E+00,  0.0000000000000000E+00,  9.8457238703331875E-13,  1.4557244298885053E-12,  0.0000000000000000E+00
penta,exp,1,128,64,2048,8192,2048,2048,3,10,host,  1.0032065999999951E-02,  1.0032065999999951E-02,  1.0030790000000067E-02,  0.0000000000000000E+00,  0.0000000000000000E+00,  0.0000000000000000E+00,  0.0000000000000000E+00,  0.0000000000000000E+00,  0.0000000000000000E+00,  0.0000000000000000E+00,  0.0000000000000000E+00,  1.0030790000000067E-02,  0.0000000000000000E+00,  0.0000000000000000E+00,  9.8457238703331875E-13,  1.4557244298885053E-12,  0.0000000000000000E+00
penta,serial,1,128,64,2048,8192,2048,2048,3,10,host,  7.1435362000000335E-02,  7.1435362000000335E-02,  0.0000000000000000E+00,  0.0000000000000000E+00,  0.0000000000000000E+00,  0.0000000000000000E+00,  0.0000000000000000E+00,  0.0000000000000000E+00,  0.0000000000000000E+00,  0.0000000000000000E+00,  0.0000000000000000E+00,  0.0000000000000000E+00,  0.0000000000000000E+00,  0.0000000000000000E+00,  9.8457238703331875E-13,  1.4557244298885053E-12,  0.0000000000000000E+00
penta,exp,1,128,64,2048,8192,2048,2048,4,10,host,  1.0068415000000108E-02,  1.0068415000000108E-02,  1.0066949000000047E-02,  0.0000000000000000E+00,  0.0000000000000000E+00,  0.0000000000000000E+00,  0.0000000000000000E+00,  0.0000000000000000E+00,  0.0000000000000000E+00,  0.0000000000000000E+00,  0.0000000000000000E+00,  1.0066949000000047E-02,  0.0000000000000000E+00,  0.0000000000000000E+00,  9.8457238703331875E-13,  1.4557244298885053E-12,  0.0000000000000000E+00
penta,serial,1,128,64,2048,8192,2048,2048,4,10,host,  7.3470080999999965E-02,  7.3470080999999965E-02,  0.0000000000000000E+00,  0.0000000000000000E+00,  0.0000000000000000E+00,  0.0000000000000000E+00,  0.0000000000000000E+00,  0.0000000000000000E+00,  0.0000000000000000E+00,  0.0000000000000000E+00,  0.0000000000000000E+00,  0.0000000000000000E+00,  0.0000000000000000E+00,  0.0000000000000000E+00,  9.8457238703331875E-13,  1.4557244298885053E-12,  0.0000000000000000E+00
penta,exp,1,128,64,2048,8192,2048,2048,5,10,host,  1.0596373999999908E-02,  1.0596373999999908E-02,  1.0594824000000003E-02,  0.0000000000000000E+00,  0.0000000000000000E+00,  0.0000000000000000E+00,  0.0000000000000000E+00,  0.0000000000000000E+00,  0.0000000000000000E+00,  0.0000000000000000E+00,  0.0000000000000000E+00,  1.0594824000000003E-02,  0.0000000000000000E+00,  0.0000000000000000E+00,  9.8457238703331875E-13,  1.4557244298885053E-12,  0.0000000000000000E+00
penta,serial,1,128,64,2048,8192,2048,2048,5,10,host,  7.3676142000000056E-02,  7.3676142000000056E-02,  0.0000000000000000E+00,  0.0000000000000000E+00,  0.0000000000000000E+00,  0.0000000000000000E+00,  0.0000000000000000E+00,  0.0000000000000000E+00,  0.0000000000000000E+00,  0.0000000000000000E+00,  0.0000000000000000E+00,  0.0000000000000000E+00,  0.0000000000000000E+00,  0.0000000000000000E+00,  9.8457238703331875E-13,  1.4557244298885053E-12,  0.0000000000000000E+00
penta,exp,1,128,64,2048,8192,2048,2048,6,10,host,  1.0052459999999819E-02,  1.0052459999999819E-02,  1.0051416000000035E-02,  0.0000000000000000E+00,  0.0000000000000000E+00,  0.0000000000000000E+00,  0.0000000000000000E+00,  0.0000000000000000E+00,  0.0000000000000000E+00,  0.0000000000000000E+00,  0.0000000000000000E+00,  1.0051416000000035E-02,  0.0000000000000000E+00,  0.0000000000000000E+00,  9.8457238703331875E-13,  1.4557244298885053E-12,  0.0000000000000000E+00
penta,serial,1,128,64,2048,8192,2048,2048,6,10,host,  9.9712856000000016E-02,  9.9712856000000016E-02,  0.0000000000000000E+00,  0.0000000000000000E+00,  0.0000000000000000E+00,  0.0000000000000000E+00,  0.0000000000000000E+00,  0.0000000000000000E+00,  0.0000000000000000E+00,  0.0000000000000000E+00,  0.0000000000000000E+00,  0.0000000000000000E+00,  0.0000000000000000E+00,  0.0000000000000000E+00,  9.8457238703331875E-13,  1.4557244298885053E-12,  0.0000000000000000E+00
penta,exp,1,128,64,2048,8192,2048,2048,7,10,host,  1.1029532999999869E-02,  1.1029532999999869E-02,  1.1028162000000119E-02,  0.0000000000000000E+00,  0.0000000000000000E+00,  0.0000000000000000E+00,  0.0000000000000000E+00,  0.0000000000000000E+00,  0.0000000000000000E+00,  0.0000000000000000E+00,  0.0000000000000000E+00,  1.1028162000000119E-02,  0.0000000000000000E+00,  0.0000000000000000E+00,  9.8457238703331875E-13,  1.4557244298885053E-12,  0.0000000000000000E+00
penta,serial,1,128,64,2048,8192,2048,2048,7,10,host,  7.1923511999999690E-02,  7.1923511999999690E-02,  0.0000000000000000E+00,  0.0000000000000000E+00,  0.0000000000000000E+00,  0.0000000000000000E+00,  0.0000000000000000E+00,  0.0000000000000000E+00,  0.0000000000000000E+00,  0.0000000000000000E+00,  0.0000000000000000E+00,  0.0000000000000000E+00,  0.0000000000000000E+00,  0.0000000000000000E+00,  9.8457238703331875E-13,  1.4557244298885053E-12,  0.0000000000000000E+00
penta,exp,1,128,64,2048,8192,2048,2048,8,10,host,  9.9456280000000952E-03,  9.9456280000000952E-03,  9.9445000000000228E-03,  0.0000000000000000E+00,  0.0000000000000000E+00,  0.0000000000000000E+00,  0.0000000000000000E+00,  0.0000000000000000E+00,  0.0000000000000000E+00,  0.0000000000000000E+00,  0.0000000000000000E+00,  9.9445000000000228E-03,  0.0000000000000000E+00,  0.0000000000000000E+00,  9.8457238703331875E-13,  1.4557244298885053E-12,  0.0000000000000000E+00
penta,serial,1,128,64,2048,8192,2048,2048,8,10,host,  7.2136154000000285E-02,  7.2136154000000285E-02,  0.0000000000000000E+00,  0.0000000000000000E+00,  0.0000000000000000E+00,  0.0000000000000000E+00,  0.0000000000000000E+00,  0.0000000000000000E+00,  0.0000000000000000E+00,  0.0000000000000000E+00,  0.0000000000000000E+00,  0.0000000000000000E+00,  0.0000000000000000E+00,  0.0000000000000000E+00,  9.8457238703331875E-13,  1.4557244298885053E-12,  0.0000000000000000E+00
penta,exp,1,128,64,2048,8192,2048,2048,9,10,host,  1.0809402000000023E-02,  1.0809402000000023E-02,  1.0807809000000113E-02,  0.0000000000000000E+00,  0.0000000000000000E+00,  0.0000000000000000E+00,  0.0000000000000000E+00,  0.0000000000000000E+00,  0.0000000000000000E+00,  0.0000000000000000E+00,  0.0000000000000000E+00,  1.0807809000000113E-02,  0.0000000000000000E+00,  0.0000000000000000E+00,  9.8457238703331875E-13,  1.4557244298885053E-12,  0.0000000000000000E+00
penta,serial,1,128,64,2048,8192,2048,2048,9,10,host,  6.9090969999999974E-02,  6.9090969999999974E-02,  0.0000000000000000E+00,  0.0000000000000000E+00,  0.0000000000000000E+00,  0.0000000000000000E+00,  0.0000000000000000E+00,  0.0000000000000000E+00,  0.0000000000000000E+00,  0.0000000000000000E+00,  0.0000000000000000E+00,  0.0000000000000000E+00,  0.0000000000000000E+00,  0.0000000000000000E+00,  9.8457238703331875E-13,  1.4557244298885053E-12,  0.0000000000000000E+00
penta,exp,2,128,128,1024,16384,512,512,0,10,host,  3.6757166000000001E-02,  3.6699628499999998E-02,  1.8951422000000002E-02,  3.3602700000000263E-04,  1.1101066000000000E-02,  2.2277600000000092E-04,  1.5607100000000068E-04,  1.7003900000000030E-04,  1.3212349999999970E-03,  2.5919399999999732E-04,  4.6346299999999938E-03,  2.3742122999999997E-02,  1.2302795000000002E-02,  9.1083500000000220E-04,  1.7201130686641433E-13,  2.8488322811881517E-13,  3.3295588508508445E-13
penta,ref,2,128,128,1024,16384,512,512,0,10,host,  8.4699603000000012E-02,  8.4370402000000011E-02,  0.0000000000000000E+00,  0.0000000000000000E+00,  0.0000000000000000E+00,  0.0000000000000000E+00,  0.0000000000000000E+00,  0.0000000000000000E+00,  0.0000000000000000E+00,  0.0000000000000000E+00,  0.0000000000000000E+00,  0.0000000000000000E+00,  0.0000000000000000E+00,  0.0000000000000000E+00,  5.1676326316022947E-14,  7.5717210279435676E-14,  3.3295588508508445E-13
penta,exp,2,128,128,1024,16384,512,512,1,10,host,  2.7111663000000008E-02,  2.7042552499999983E-02,  1.8849153000000007E-02,  4.7336199999992168E-04,  2.2928450000000433E-03,  5.3885300000000580E-04,  2.1433699999995337E-04,  1.4040500000001011E-04,  3.5855099999992923E-04,  2.4732500000002045E-04,  4.6702250000000278E-03,  2.3685957000000091E-02,  2.6513959999999726E-03,  1.1012220000000683E-03,  1.7201130686641433E-13,  2.8488322811881517E-13,  3.3295588508508445E-13
penta,ref,2,128,128,1024,16384,512,512,1,10,host,  8.2755286000000039E-02,  7.6909564000000041E-02,  0.0000000000000000E+00,  0.0000000000000000E+00,  0.0000000000000000E+00,  0.0000000000000000E+00,  0.0000000000000000E+00,  0.0000000000000000E+00,  0.0000000000000000E+00,  0.0000000000000000E+00,  0.0000000000000000E+00,  0.0000000000000000E+00,  0.0000000000000000E+00,  0.0000000000000000E+00,  5.1676326316022947E-14,  7.5717210279435676E-14,  3.3295588508508445E-13
penta,exp,2,128,128,1024,16384,512,512,2,10,host,  2.6460760999999944E-02,  2.6423294499999972E-02,  1.8479716999999951E-02,  3.6400500000000058E-04,  1.9724429999998794E-03,  4.1739600000001431E-04,  2.0484200000003838E-04,  1.4927799999997493E-04,  3.6433099999988450E-04,  2.6281200000000116E-04,  4.6220120000000087E-03,  2.3269741999999982E-02,  2.2712079999998025E-03,  1.1223550000000193E-03,  1.7201130686641433E-13,  2.8488322811881517E-13,  3.3295588508508445E-13
penta,ref,2,128,128,1024,16384,512,512,2,10,host,  8.5396036999999980E-02,  8.3901608500000002E-02,  0.0000000000000000E+00,  0.0000000000000000E+00,  0.0000000000000000E+00,  0.0000000000000000E+00,  0.0000000000000000E+00,  0.0000000000000000E+00,  0.0000000000000000E+00,  0.0000000000000000E+00,  0.0000000000000000E+00,  0.0000000000000000E+00,  0.0000000000000000E+00,  0.0000000000000000E+00,  5.1676326316022947E-14,  7.5717210279435676E-14,  3.3295588508508445E-13
penta,exp,2,128,128,1024,16384,512,512,3,10,host,  2.7409074000000033E-02,  2.7324742499999999E-02,  1.9183693000000002E-02,  2.6935299999997220E-04,  2.4039019999999578E-03,  4.2386299999996879E-04,  2.1969599999993594E-04,  1.4887699999999171E-04,  3.7159999999991644E-04,  2.3482400000007786E-04,  4.6450220000000542E-03,  2.3832058999999850E-02,  2.7269850000000151E-03,  9.8094699999984325E-04,  1.7201130686641433E-13,  2.8488322811881517E-13,  3.3295588508508445E-13
penta,ref,2,128,128,1024,16384,512,512,3,10,host,  9.5357931999999979E-02,  9.4869336500000012E-02,  0.0000000000000000E+00,  0.0000000000000000E+00,  0.0000000000000000E+00,  0.0000000000000000E+00,  0.0000000000000000E+00,  0.0000000000000000E+00,  0.0000000000000000E+00,  0.0000000000000000E+00,  0.0000000000000000E+00,  0.0000000000000000E+00,  0.0000000000000000E+00,  0.0000000000000000E+00,  5.1676326316022947E-14,  7.5717210279435676E-14,  3.3295588508508445E-13
penta,exp,2,128,128,1024,16384,512,512,4,10,host,  2.6962886999999935E-02,  2.6894855499999981E-02,  1.9075591999999975E-02,  2.7103100000003266E-04,  2.0689820000000525E-03,  3.0217300000001668E-04,  1.8254100000003604E-04,  2.2582500000001282E-04,  4.3278800000001727E-04,  2.2248099999999660E-04,  4.6930329999999021E-03,  2.3719231999999923E-02,  2.3571870000000938E-03,  9.9488300000016849E-04,  1.7201130686641433E-13,  2.8488322811881517E-13,  3.3295588508508445E-13
penta,ref,2,128,128,1024,16384,512,512,4,10,host,  7.9782295999999975E-02,  7.9614759999999951E-02,  0.0000000000000000E+00,  0.0000000000000000E+00,  0.0000000000000000E+00,  0.0000000000000000E+00,  0.0000000000000000E+00,  0.0000000000000000E+00,  0.0000000000000000E+00,  0.0000000000000000E+00,  0.0000000000000000E+00,  0.0000000000000000E+00,  0.0000000000000000E+00,  0.0000000000000000E+00,  5.1676326316022947E-14,  7.5717210279435676E-14,  3.3295588508508445E-13
penta,exp,2,128,128,1024,16384,512,512,5,10,host,  2.6728986999999926E-02,  2.6670588999999967E-02,  1.8939227000000058E-02,  3.4862300000004787E-04,  1.9732450000000679E-03,  3.8294100000002551E-04,  1.4960400000008089E-04,  1.9986199999999510E-04,  4.1550800000000887E-04,  2.3048799999991765E-04,  4.6333430000000675E-03,  2.3635435000000204E-02,  2.2499300000000666E-03,  9.6831799999985702E-04,  1.7201130686641433E-13,  2.8488322811881517E-13,  3.3295588508508445E-13
penta,ref,2,128,128,1024,16384,512,512,5,10,host,  7.9133399000000049E-02,  7.8981200000000029E-02,  0.0000000000000000E+00,  0.0000000000000000E+00,  0.0000000000000000E+00,  0.0000000000000000E+00,  0.0000000000000000E+00,  0.0000000000000000E+00,  0.0000000000000000E+00,  0.0000000000000000E+00,  0.0000000000000000E+00,  0.0000000000000000E+00,  0.0000000000000000E+00,  0.0000000000000000E+00,  5.1676326316022947E-14,  7.5717210279435676E-14,  3.3295588508508445E-13
penta,exp,2,128,128,1024,16384,512,512,6,10,host,  2.7644750999999967E-02,  2.7583998499999929E-02,  1.8938781999999987E-02,  5.5762199999986883E-04,  2.5004400000001592E-03,  4.1717399999985361E-04,  2.6387300000019209E-04,  2.3935599999980184E-04,  6.3966000000004186E-04,  2.5100799999999701E-04,  4.6796660000001378E-03,  2.3784067000000020E-02,  2.9528190000001064E-03,  1.2140889999998628E-03,  1.7201130686641433E-13,  2.8488322811881517E-13,  3.3295588508508445E-13
penta,ref,2,128,128,1024,16384,512,512,6,10,host,  8.1762498000000017E-02,  8.1697253500000011E-02,  0.0000000000000000E+00,  0.0000000000000000E+00,  0.0000000000000000E+00,  0.0000000000000000E+00,  0.0000000000000000E+00,  0.0000000000000000E+00,  0.0000000000000000E+00,  0.0000000000000000E+00,  0.0000000000000000E+00,  0.0000000000000000E+00,  0.0000000000000000E+00,  0.0000000000000000E+00,  5.1676326316022947E-14,  7.5717210279435676E-14,  3.3295588508508445E-13
penta,exp,2,128,128,1024,16384,512,512,7,10,host,  2.7145944000000144E-02,  2.7089385999999993E-02,  1.9011176000000019E-02,  5.5014199999980917E-04,  2.2645199999997701E-03,  3.6327600000007898E-04,  2.5879900000003175E-04,  1.8424900000013622E-04,  4.4599600000005957E-04,  2.2551999999986805E-04,  4.6592739999999910E-03,  2.3929249000000041E-02,  2.5820529999998065E-03,  1.3174790000001213E-03,  1.7201130686641433E-13,  2.8488322811881517E-13,  3.3295588508508445E-13
penta,ref,2,128,128,1024,16384,512,512,7,10,host,  7.5892386000000034E-02,  7.5201732999999882E-02,  0.0000000000000000E+00,  0.0000000000000000E+00,  0.0000000000000000E+00,  0.0000000000000000E+00,  0.0000000000000000E+00,  0.0000000000000000E+00,  0.0000000000000000E+00,  0.0000000000000000E+00,  0.0000000000000000E+00,  0.0000000000000000E+00,  0.0000000000000000E+00,  0.0000000000000000E+00,  5.1676326316022947E-14,  7.5717210279435676E-14,  3.3295588508508445E-13
penta,exp,2,128,128,1024,16384,512,512,8,10,host,  2.6733998999999731E-02,  2.6522786999999770E-02,  1.8406893000000091E-02,  2.3742900000001121E-04,  2.0374490000001355E-03,  3.7919599999991505E-04,  2.1504300000030341E-04,  2.0364999999999966E-04,  4.6417299999990114E-04,  2.4883399999997557E-04,  4.6621550000001122E-03,  2.3233991000000120E-02,  2.5016220000000366E-03,  1.0213610000002760E-03,  1.7201130686641433E-13,  2.8488322811881517E-13,  3.3295588508508445E-13
penta,ref,2,128,128,1024,16384,512,512,8,10,host,  8.3676078999999959E-02,  8.2970253499999980E-02,  0.0000000000000000E+00,  0.0000000000000000E+00,  0.0000000000000000E+00,  0.0000000000000000E+00,  0.0000000000000000E+00,  0.0000000000000000E+00,  0.0000000000000000E+00,  0.0000000000000000E+00,  0.0000000000000000E+00,  0.0000000000000000E+00,  0.0000000000000000E+00,  0.0000000000000000E+00,  5.1676326316022947E-14,  7.5717210279435676E-14,  3.3295588508508445E-13
penta,exp,2,128,128,1024,16384,512,512,9,10,host,  2.6950886999999923E-02,  2.6870496000000021E-02,  1.8742027999999911E-02,  2.4042600000018233E-04,  1.9801859999999394E-03,  4.1760699999993101E-04,  2.3843300000003786E-04,  2.0839700000019334E-04,  4.4735700000009260E-04,  3.0126599999991122E-04,  4.6538089999998977E-03,  2.3610589999999876E-02,  2.3675369999998086E-03,  1.1108120000002941E-03,  1.7201130686641433E-13,  2.8488322811881517E-13,  3.3295588508508445E-13
penta,ref,2,128,128,1024,16384,512,512,9,10,host,  6.9623185000000198E-02,  6.8659150000000224E-02,  0.0000000000000000E+00,  0.0000000000000000E+00,  0.0000000000000000E+00,  0.0000000000000000E+00,  0.0000000000000000E+00,  0.0000000000000000E+00,  0.0000000000000000E+00,  0.0000000000000000E+00,  0.0000000000000000E+00,  0.0000000000000000E+00,  0.0000000000000000E+00,  0.0000000000000000E+00,  5.1676326316022947E-14,  7.5717210279435676E-14,  3.3295588508508445E-13
penta,exp,2,128,128,2048,16384,1024,1024,0,10,host,  6.3389368000000001E-02,  6.3226381999999998E-02,  3.8117520000000002E-02,  5.8670599999999934E-04,  1.3348154000000001E-02,  1.9736199999999954E-04,  1.3817900000000216E-04,  6.7191000000001166E-05,  2.4765989999999960E-03,  2.8033599999999909E-04,  9.3926589999999907E-03,  4.7644813000000008E-02,  1.5468303999999995E-02,  1.1315949999999991E-03,  5.6264547121414382E-13,  7.4906747471459312E-13,  1.6213697051625786E-12
penta,ref,2,128,128,2048,16384,1024,1024,0,10,host,  1.4994147800000002E-01,  1.4936714050000000E-01,  0.0000000000000000E+00,  0.0000000000000000E+00,  0.0000000000000000E+00,  0.0000000000000000E+00,  0.0000000000000000E+00,  0.0000000000000000E+00,  0.0000000000000000E+00,  0.0000000000000000E+00,  0.0000000000000000E+00,  0.0000000000000000E+00,  0.0000000000000000E+00,  0.0000000000000000E+00,  6.5232459292242500E-13,  9.4924068605450884E-13,  1.6213697051625786E-12
penta,exp,2,128,128,2048,16384,1024,1024,1,10,host,  5.1850113999999836E-02,  5.1398099499999850E-02,  3.8233507000000166E-02,  5.8397500000006985E-04,  2.6379759999999308E-03,  2.8116800000010933E-04,  8.9124000000051495E-05,  1.4716699999994809E-04,  1.1706179999999566E-03,  9.7050199999992870E-04,  8.9192019999999594E-03,  4.7031194000000109E-02,  3.7191650000001353E-03,  1.7302220000001700E-03,  5.6264547121414382E-13,  7.4906747471459312E-13,  1.6213697051625786E-12
penta,ref,2,128,128,2048,16384,1024,1024,1,10,host,  1.3988038300000016E-01,  1.3902068300000014E-01,  0.0000000000000000E+00,  0.0000000000000000E+00,  0.0000000000000000E+00,  0.0000000000000000E+00,  0.0000000000000000E+00,  0.0000000000000000E+00,  0.0000000000000000E+00,  0.0000000000000000E+00,  0.0000000000000000E+00,  0.0000000000000000E+00,  0.0000000000000000E+00,  0.0000000000000000E+00,  6.5232459292242500E-13,  9.4924068605450884E-13,  1.6213697051625786E-12
penta,exp,2,128,128,2048,16384,1024,1024,2,10,host,  5.0397295000000009E-02,  5.0140121500000023E-02,  3.8174275999999896E-02,  2.5232600000002492E-04,  2.2531789999999940E-03,  2.8802599999999678E-04,  1.0264800000014951E-04,  6.2200999999983964E-05,  5.2462199999991910E-04,  2.5016299999980340E-04,  9.4068380000000840E-03,  4.7683762000000129E-02,  2.5662280000000592E-03,  7.7870999999984925E-04,  5.6264547121414382E-13,  7.4906747471459312E-13,  1.6213697051625786E-12
penta,ref,2,128,128,2048,16384,1024,1024,2,10,host,  1.4705977000000003E-01,  1.4424943349999997E-01,  0.0000000000000000E+00,  0.0000000000000000E+00,  0.0000000000000000E+00,  0.0000000000000000E+00,  0.0000000000000000E+00,  0.0000000000000000E+00,  0.0000000000000000E+00,  0.0000000000000000E+00,  0.0000000000000000E+00,  0.0000000000000000E+00,  0.0000000000000000E+00,  0.0000000000000000E+00,  6.5232459292242500E-13,  9.4924068605450884E-13,  1.6213697051625786E-12
penta,exp,2,128,128,2048,16384,1024,1024,3,10,host,  5.1571982000000016E-02,  5.1365023500000051E-02,  3.7990412999999945E-02,  5.8114600000003236E-04,  2.7374140000000491E-03,  3.0869300000002653E-04,  1.4601699999983175E-04,  1.9480999999998971E-04,  1.1944710000000303E-03,  3.6190499999988468E-04,  1.0008345000000141E-02,  4.7527854999999786E-02,  3.0923770000002015E-03,  1.4465539999999333E-03,  5.6264547121414382E-13,  7.4906747471459312E-13,  1.6213697051625786E-12
penta,ref,2,128,128,2048,16384,1024,1024,3,10,host,  1.3395820200000008E-01,  1.3322595500000001E-01,  0.0000000000000000E+00,  0.0000000000000000E+00,  0.0000000000000000E+00,  0.0000000000000000E+00,  0.0000000000000000E+00,  0.0000000000000000E+00,  0.0000000000000000E+00,  0.0000000000000000E+00,  0.0000000000000000E+00,  0.0000000000000000E+00,  0.0000000000000000E+00,  0.0000000000000000E+00,  6.5232459292242500E-13,  9.4924068605450884E-13,  1.6213697051625786E-12
penta,exp,2,128,128,2048,16384,1024,1024,4,10,host,  4.9939977999999829E-02,  4.9792012499999982E-02,  3.6999945000000034E-02,  5.0298500000023338E-04,  2.1393059999998965E-03,  2.7700200000002617E-04,  7.8161999999881715E-05,  5.8856999999967741E-05,  6.3257699999996753E-04,  2.3002399999993983E-04,  9.4971689999998610E-03,  4.6575275999999777E-02,  2.5500560000000227E-03,  1.0273130000000297E-03,  5.6264547121414382E-13,  7.4906747471459312E-13,  1.6213697051625786E-12
penta,ref,2,128,128,2048,16384,1024,1024,4,10,host,  1.3030124300000012E-01,  1.2973766950000010E-01,  0.0000000000000000E+00,  0.0000000000000000E+00,  0.0000000000000000E+00,  0.0000000000000000E+00,  0.0000000000000000E+00,  0.0000000000000000E+00,  0.0000000000000000E+00,  0.0000000000000000E+00,  0.0000000000000000E+00,  0.0000000000000000E+00,  0.0000000000000000E+00,  0.0000000000000000E+00,  6.5232459292242500E-13,  9.4924068605450884E-13,  1.6213697051625786E-12
penta,exp,2,128,128,2048,16384,1024,1024,5,10,host,  5.0856848000000010E-02,  5.0712232999999940E-02,  3.7865046000000069E-02,  5.8780399999980304E-04,  2.5371109999998698E-03,  3.6770700000010592E-04,  1.5248500000009102E-04,  1.8919700000008532E-04,  4.3485600000003899E-04,  2.3976200000008774E-04,  9.4396150000000123E-03,  4.7370597000000236E-02,  2.8157899999998737E-03,  1.1605639999998640E-03,  5.6264547121414382E-13,  7.4906747471459312E-13,  1.6213697051625786E-12
penta,ref,2,128,128,2048,16384,1024,1024,5,10,host,  1.3082838300000010E-01,  1.2992281800000005E-01,  0.0000000000000000E+00,  0.0000000000000000E+00,  0.0000000000000000E+00,  0.0000000000000000E+00,  0.0000000000000000E+00,  0.0000000000000000E+00,  0.0000000000000000E+00,  0.0000000000000000E+00,  0.0000000000000000E+00,  0.0000000000000000E+00,  0.0000000000000000E+00,  0.0000000000000000E+00,  6.5232459292242500E-13,  9.4924068605450884E-13,  1.6213697051625786E-12
penta,exp,2,128,128,2048,16384,1024,1024,6,10,host,  5.1070607999999851E-02,  5.0854080499999954E-02,  3.7707653000000008E-02,  5.6053899999986001E-04,  2.6264770000001825E-03,  3.2642699999962943E-04,  2.1084599999987574E-04,  3.4826400000032010E-04,  5.9105400000003527E-04,  2.2937999999994574E-04,  9.3499219999997329E-03,  4.7059718999999944E-02,  3.2175310000002177E-03,  1.2739999999995533E-03,  5.6264547121414382E-13,  7.4906747471459312E-13,  1.6213697051625786E-12
penta,ref,2,128,128,2048,16384,1024,1024,6,10,host,  1.2123905599999985E-01,  1.1990720250000009E-01,  0.0000000000000000E+00,  0.0000000000000000E+00,  0.0000000000000000E+00,  0.0000000000000000E+00,  0.0000000000000000E+00,  0.0000000000000000E+00,  0.0000000000000000E+00,  0.0000000000000000E+00,  0.0000000000000000E+00,  0.0000000000000000E+00,  0.0000000000000000E+00,  0.0000000000000000E+00,  6.5232459292242500E-13,  9.4924068605450884E-13,  1.6213697051625786E-12
penta,exp,2,128,128,2048,16384,1024,1024,7,10,host,  5.1316362000000115E-02,  5.1068944000000061E-02,  3.8091284999999697E-02,  5.9166499999996347E-04,  2.3775590000001401E-03,  3.2098299999994140E-04,  1.6589300000013907E-04,  2.0401899999988871E-04,  5.1682700000021953E-04,  3.3634299999985018E-04,  9.5768999999998883E-03,  4.7834077999999725E-02,  2.8943860000003596E-03,  1.3663969999999637E-03,  5.6264547121414382E-13,  7.4906747471459312E-13,  1.6213697051625786E-12
penta,ref,2,128,128,2048,16384,1024,1024,7,10,host,  1.2489642499999976E-01,  1.2317220299999998E-01,  0.0000000000000000E+00,  0.0000000000000000E+00,  0.0000000000000000E+00,  0.0000000000000000E+00,  0.0000000000000000E+00,  0.0000000000000000E+00,  0.0000000000000000E+00,  0.0000000000000000E+00,  0.0000000000000000E+00,  0.0000000000000000E+00,  0.0000000000000000E+00,  0.0000000000000000E+00,  6.5232459292242500E-13,  9.4924068605450884E-13,  1.6213697051625786E-12
penta,exp,2,128,128,2048,16384,1024,1024,8,10,host,  4.9768510000000266E-02,  4.9729512500000128E-02,  3.7722966999999663E-02,  5.3232399999991742E-04,  2.0377659999999409E-03,  5.3798900000012750E-04,  1.5300100000015249E-04,  1.8346799999990893E-04,  4.3878000000008299E-04,  6.7745499999993797E-04,  8.8138799999999407E-03,  4.6511027999999843E-02,  2.3387889999999523E-03,  1.2448569999996550E-03,  5.6264547121414382E-13,  7.4906747471459312E-13,  1.6213697051625786E-12
penta,ref,2,128,128,2048,16384,1024,1024,8,10,host,  1.4667580899999999E-01,  1.3682384250000013E-01,  0.0000000000000000E+00,  0.0000000000000000E+00,  0.0000000000000000E+00,  0.0000000000000000E+00,  0.0000000000000000E+00,  0.0000000000000000E+00,  0.0000000000000000E+00,  0.0000000000000000E+00,  0.0000000000000000E+00,  0.0000000000000000E+00,  0.0000000000000000E+00,  0.0000000000000000E+00,  6.5232459292242500E-13,  9.4924068605450884E-13,  1.6213697051625786E-12
penta,exp,2,128,128,2048,16384,1024,1024,9,10,host,  5.0288812999999877E-02,  5.0108498499999987E-02,  3.7579950999999667E-02,  5.8565199999982553E-04,  2.5494969999999562E-03,  3.5800200000002391E-04,  1.5384500000026335E-04,  1.8028200000008709E-04,  4.8683400000015808E-04,  2.4809499999989271E-04,  9.3836189999998432E-03,  4.7020325000000085E-02,  2.8818940000001625E-03,  1.2597519999997253E-03,  5.6264547121414382E-13,  7.4906747471459312E-13,  1.6213697051625786E-12
penta,ref,2,128,128,2048,16384,1024,1024,9,10,host,  1.2383357799999972E-01,  1.2186662649999991E-01,  0.0000000000000000E+00,  0.0000000000000000E+00,  0.0000000000000000E+00,  0.0000000000000000E+00,  0.0000000000000000E+00,  0.0000000000000000E+00,  0.0000000000000000E+00,  0.0000000000000000E+00,  0.0000000000000000E+00,  0.0000000000000000E+00,  0.0000000000000000E+00,  0.0000000000000000E+00,  6.5232459292242500E-13,  9.4924068605450884E-13,  1.6213697051625786E-12
penta,exp,2,128,64,2048,8192,1024,1024,0,10,host,  2.8290745999999999E-02,  2.8263620499999999E-02,  1.6743163000000002E-02,  2.5562800000000080E-04,  4.8976960000000000E-03,  6.6385600000000086E-04,  1.6881499999999924E-04,  1.5236799999999995E-04,  8.7652599999999900E-04,  4.3376900000000052E-04,  4.4632460000000006E-03,  2.1221562999999999E-02,  5.6872929999999995E-03,  1.4779500000000022E-03,  5.6264547121414382E-13,  7.4906747471459312E-13,  1.6213697051625786E-12
penta,ref,2,128,64,2048,8192,1024,1024,0,10,host,  1.5713357600000000E-01,  1.5712732950000002E-01,  0.0000000000000000E+00,  0.0000000000000000E+00,  0.0000000000000000E+00,  0.0000000000000000E+00,  0.0000000000000000E+00,  0.0000000000000000E+00,  0.0000000000000000E+00,  0.0000000000000000E+00,  0.0000000000000000E+00,  0.0000000000000000E+00,  0.0000000000000000E+00,  0.0000000000000000E+00,  6.5232459292242500E-13,  9.4924068605450884E-13,  1.6213697051625786E-12
penta,exp,2,128,64,2048,8192,1024,1024,1,10,host,  2.4134396000000002E-02,  2.3888005999999962E-02,  1.6624713000000124E-02,  6.3275200000001419E-04,  1.2633290000000352E-03,  5.1264900000003166E-04,  2.5318000000007501E-04,  1.9626500000002878E-04,  8.2996000000001846E-04,  4.3515100000002249E-04,  4.3194810000000139E-03,  2.1033201000000057E-02,  1.8472400000000277E-03,  1.7189740000000953E-03,  5.6264547121414382E-13,  7.4906747471459312E-13,  1.6213697051625786E-12
penta,ref,2,128,64,2048,8192,1024,1024,1,10,host,  1.2457262499999988E-01,  1.1820782799999996E-01,  0.0000000000000000E+00,  0.0000000000000000E+00,  0.0000000000000000E+00,  0.0000000000000000E+00,  0.0000000000000000E+00,  0.0000000000000000E+00,  0.0000000000000000E+00,  0.0000000000000000E+00,  0.0000000000000000E+00,  0.0000000000000000E+00,  0.0000000000000000E+00,  0.0000000000000000E+00,  6.5232459292242500E-13,  9.4924068605450884E-13,  1.6213697051625786E-12
penta,exp,2,128,64,2048,8192,1024,1024,2,10,host,  2.3880016000000004E-02,  2.3612398500000020E-02,  1.6653204999999893E-02,  5.5668300000011328E-04,  1.2345280000000125E-03,  4.2673300000006797E-04,  2.8523099999999690E-04,  1.4381299999999264E-04,  6.3459099999996216E-04,  2.1664700000001424E-04,  4.3897530000001073E-03,  2.1056481999999876E-02,  1.6205809999999543E-03,  1.2729090000000998E-03,  5.6264547121414382E-13,  7.4906747471459312E-13,  1.6213697051625786E-12
penta,ref,2,128,64,2048,8192,1024,1024,2,10,host,  1.1332808300000008E-01,  1.1025521450000003E-01,  0.0000000000000000E+00,  0.0000000000000000E+00,  0.0000000000000000E+00,  0.0000000000000000E+00,  0.0000000000000000E+00,  0.0000000000000000E+00,  0.0000000000000000E+00,  0.0000000000000000E+00,  0.0000000000000000E+00,  0.0000000000000000E+00,  0.0000000000000000E+00,  0.0000000000000000E+00,  6.5232459292242500E-13,  9.4924068605450884E-13,  1.6213697051625786E-12
penta,exp,2,128,64,2048,8192,1024,1024,3,10,host,  2.3547663999999968E-02,  2.3538110499999987E-02,  1.6400395999999984E-02,  5.1579199999995939E-04,  1.0550569999999704E-03,  4.1394599999999837E-04,  2.0081199999999466E-04,  1.4517300000005395E-04,  5.3389500000000645E-04,  2.1495900000001456E-04,  4.5268240000000404E-03,  2.1074830000000100E-02,  1.5819479999998887E-03,  1.1965060000000971E-03,  5.6264547121414382E-13,  7.4906747471459312E-13,  1.6213697051625786E-12
penta,ref,2,128,64,2048,8192,1024,1024,3,10,host,  1.0653272000000003E-01,  1.0520920550000001E-01,  0.0000000000000000E+00,  0.0000000000000000E+00,  0.0000000000000000E+00,  0.0000000000000000E+00,  0.0000000000000000E+00,  0.0000000000000000E+00,  0.0000000000000000E+00,  0.0000000000000000E+00,  0.0000000000000000E+00,  0.0000000000000000E+00,  0.0000000000000000E+00,  0.0000000000000000E+00,  6.5232459292242500E-13,  9.4924068605450884E-13,  1.6213697051625786E-12
penta,exp,2,128,64,2048,8192,1024,1024,4,10,host,  2.3915395000000061E-02,  2.3905433500000017E-02,  1.6739967000000022E-02,  2.0948399999998202E-04,  1.0266159999999802E-03,  7.7365700000009419E-04,  1.5314899999996356E-04,  1.7138999999999349E-04,  4.8255100000005324E-04,  2.1129799999997090E-04,  4.4900919999999456E-03,  2.1260639000000081E-02,  1.4551200000000319E-03,  1.3296010000000136E-03,  5.6264547121414382E-13,  7.4906747471459312E-13,  1.6213697051625786E-12
penta,ref,2,128,64,2048,8192,1024,1024,4,10,host,  1.3274903499999990E-01,  1.1510377499999996E-01,  0.0000000000000000E+00,  0.0000000000000000E+00,  0.0000000000000000E+00,  0.0000000000000000E+00,  0.0000000000000000E+00,  0.0000000000000000E+00,  0.0000000000000000E+00,  0.0000000000000000E+00,  0.0000000000000000E+00,  0.0000000000000000E+00,  0.0000000000000000E+00,  0.0000000000000000E+00,  6.5232459292242500E-13,  9.4924068605450884E-13,  1.6213697051625786E-12
penta,exp,2,128,64,2048,8192,1024,1024,5,10,host,  2.3756596000000130E-02,  2.3560664000000120E-02,  1.6869554999999981E-02,  4.5445500000007577E-04,  9.6584899999996310E-04,  4.2111799999999810E-04,  1.4587199999982481E-04,  1.7980099999981292E-04,  4.8701200000000888E-04,  2.2574500000005493E-04,  4.4268710000001654E-03,  2.1226302000000086E-02,  1.3716489999997528E-03,  1.1556400000001243E-03,  5.6264547121414382E-13,  7.4906747471459312E-13,  1.6213697051625786E-12
penta,ref,2,128,64,2048,8192,1024,1024,5,10,host,  1.4275654299999996E-01,  1.4271560449999998E-01,  0.0000000000000000E+00,  0.0000000000000000E+00,  0.0000000000000000E+00,  0.0000000000000000E+00,  0.0000000000000000E+00,  0.0000000000000000E+00,  0.0000000000000000E+00,  0.0000000000000000E+00,  0.0000000000000000E+00,  0.0000000000000000E+00,  0.0000000000000000E+00,  0.0000000000000000E+00,  6.5232459292242500E-13,  9.4924068605450884E-13,  1.6213697051625786E-12
penta,exp,2,128,64,2048,8192,1024,1024,6,10,host,  2.3238335000000054E-02,  2.3222256500000094E-02,  1.6469778000000046E-02,  5.1876699999997555E-04,  1.0561659999999140E-03,  3.9906899999997414E-04,  1.5366900000013395E-04,  1.4563999999994692E-04,  4.7042799999985618E-04,  1.8162600000004581E-04,  4.4499860000000169E-03,  2.1073433000000197E-02,  1.5265939999997702E-03,  1.0989339999998293E-03,  5.6264547121414382E-13,  7.4906747471459312E-13,  1.6213697051625786E-12
penta,ref,2,128,64,2048,8192,1024,1024,6,10,host,  1.0228801899999995E-01,  1.0078068399999995E-01,  0.0000000000000000E+00,  0.0000000000000000E+00,  0.0000000000000000E+00,  0.0000000000000000E+00,  0.0000000000000000E+00,  0.0000000000000000E+00,  0.0000000000000000E+00,  0.0000000000000000E+00,  0.0000000000000000E+00,  0.0000000000000000E+00,  0.0000000000000000E+00,  0.0000000000000000E+00,  6.5232459292242500E-13,  9.4924068605450884E-13,  1.6213697051625786E-12
penta,exp,2,128,64,2048,8192,1024,1024,7,10,host,  2.3634246999999942E-02,  2.3566232999999936E-02,  1.6428982000000314E-02,  5.6659999999997268E-04,  1.3588939999999994E-03,  2.9076400000005442E-04,  1.4303499999979152E-04,  2.5679400000000463E-04,  4.9937699999991203E-04,  2.0094300000006449E-04,  4.5253009999999261E-03,  2.1097318000000032E-02,  1.7707600000000934E-03,  1.2981789999999549E-03,  5.6264547121414382E-13,  7.4906747471459312E-13,  1.6213697051625786E-12
penta,ref,2,128,64,2048,8192,1024,1024,7,10,host,  1.0836571999999989E-01,  1.0832254699999999E-01,  0.0000000000000000E+00,  0.0000000000000000E+00,  0.0000000000000000E+00,  0.0000000000000000E+00,  0.0000000000000000E+00,  0.0000000000000000E+00,  0.0000000000000000E+00,  0.0000000000000000E+00,  0.0000000000000000E+00,  0.0000000000000000E+00,  0.0000000000000000E+00,  0.0000000000000000E+00,  6.5232459292242500E-13,  9.4924068605450884E-13,  1.6213697051625786E-12
penta,exp,2,128,64,2048,8192,1024,1024,8,10,host,  2.3340088000000092E-02,  2.3104402500000121E-02,  1.6559310000000105E-02,  5.8267800000000314E-04,  1.0297910000001131E-03,  4.1111699999984985E-04,  1.4482800000004126E-04,  1.7621399999989684E-04,  4.3979200000010543E-04,  2.2375199999991047E-04,  4.4253209999998155E-03,  2.0948983000000032E-02,  1.3896030000000170E-03,  1.2657389999999324E-03,  5.6264547121414382E-13,  7.4906747471459312E-13,  1.6213697051625786E-12
penta,ref,2,128,64,2048,8192,1024,1024,8,10,host,  1.0454776300000002E-01,  1.0068918999999998E-01,  0.0000000000000000E+00,  0.0000000000000000E+00,  0.0000000000000000E+00,  0.0000000000000000E+00,  0.0000000000000000E+00,  0.0000000000000000E+00,  0.0000000000000000E+00,  0.0000000000000000E+00,  0.0000000000000000E+00,  0.0000000000000000E+00,  0.0000000000000000E+00,  0.0000000000000000E+00,  6.5232459292242500E-13,  9.4924068605450884E-13,  1.6213697051625786E-12
penta,exp,2,128,64,2048,8192,1024,1024,9,10,host,  2.4389575000000052E-02,  2.4130281499999962E-02,  1.6835131000000114E-02,  5.4790600000020895E-04,  9.8015400000006636E-04,  4.5767899999993311E-04,  2.5956799999993230E-04,  3.0385699999979643E-04,  7.6688999999996454E-04,  3.6784100000009090E-04,  4.3555790000000538E-03,  2.1381858000000253E-02,  1.6603029999999741E-03,  1.6772830000000294E-03,  5.6264547121414382E-13,  7.4906747471459312E-13,  1.6213697051625786E-12
penta,ref,2,128,64,2048,8192,1024,1024,9,10,host,  1.0727684900000001E-01,  1.0301585800000013E-01,  0.0000000000000000E+00,  0.0000000000000000E+00,  0.0000000000000000E+00,  0.0000000000000000E+00,  0.0000000000000000E+00,  0.0000000000000000E+00,  0.0000000000000000E+00,  0.0000000000000000E+00,  0.0000000000000000E+00,  0.0000000000000000E+00,  0.0000000000000000E+00,  0.0000000000000000E+00,  6.5232459292242500E-13,  9.4924068605450884E-13,  1.6213697051625786E-12
penta,exp,4,128,128,1024,16384,256,256,0,10,host,  4.3362672999999997E-02,  4.2561489000000001E-02,  1.8432617000000002E-02,  1.0620730000000002E-03,  1.7304303000000000E-02,  3.6392700000000000E-04,  2.4425000000000141E-04,  1.5107400000000104E-04,  2.5946489999999975E-03,  8.2799299999999909E-04,  4.2266049999999944E-03,  2.2700883000000002E-02,  1.8828216000000002E-02,  2.2714540000000026E-03,  2.9275437819741027E-14,  4.8627768478581856E-14,  2.4091839634365897E-13
penta,ref,4,128,128,1024,16384,256,256,0,10,host,  1.1286600399999994E-01,  1.1037661225000001E-01,  0.0000000000000000E+00,  0.0000000000000000E+00,  0.0000000000000000E+00,  0.0000000000000000E+00,  0.0000000000000000E+00,  0.0000000000000000E+00,  0.0000000000000000E+00,  0.0000000000000000E+00,  0.0000000000000000E+00,  0.0000000000000000E+00,  0.0000000000000000E+00,  0.0000000000000000E+00,  1.4378060760376843E-13,  1.9473311851925246E-13,  2.4091839634365897E-13
penta,exp,4,128,128,1024,16384,256,256,1,10,host,  3.1580402000000007E-02,  2.9893023750000025E-02,  1.9150732000000059E-02,  1.3089459999999775E-03,  4.1294619999999727E-03,  5.7396499999995410E-04,  3.0019500000000310E-04,  3.9062800000000397E-04,  2.3719520000000660E-03,  1.9329000000000152E-03,  4.1057970000000221E-03,  2.3090359000000116E-02,  5.6870820000000100E-03,  3.1724589999999608E-03,  2.9275437819741027E-14,  4.8627768478581856E-14,  2.4091839634365897E-13
penta,ref,4,128,128,1024,16384,256,256,1,10,host,  9.1816808999999999E-02,  9.0884879499999960E-02,  0.0000000000000000E+00,  0.0000000000000000E+00,  0.0000000000000000E+00,  0.0000000000000000E+00,  0.0000000000000000E+00,  0.0000000000000000E+00,  0.0000000000000000E+00,  0.0000000000000000E+00,  0.0000000000000000E+00,  0.0000000000000000E+00,  0.0000000000000000E+00,  0.0000000000000000E+00,  1.4378060760376843E-13,  1.9473311851925246E-13,  2.4091839634365897E-13
penta,exp,4,128,128,1024,16384,256,256,2,10,host,  2.8861716999999953E-02,  2.8335636249999990E-02,  1.8240790999999978E-02,  6.9220700000005575E-04,  3.0942910000000268E-03,  8.0141899999996991E-04,  2.7468600000002397E-04,  2.7097199999992494E-04,  1.1148120000000761E-03,  4.0464899999992365E-04,  4.7488940000000035E-03,  2.3162745000000040E-02,  3.8017200000000084E-03,  2.0124129999998797E-03,  2.9275437819741027E-14,  4.8627768478581856E-14,  2.4091839634365897E-13
penta,ref,4,128,128,1024,16384,256,256,2,10,host,  8.0022148000000071E-02,  7.9546769249999982E-02,  0.0000000000000000E+00,  0.0000000000000000E+00,  0.0000000000000000E+00,  0.0000000000000000E+00,  0.0000000000000000E+00,  0.0000000000000000E+00,  0.0000000000000000E+00,  0.0000000000000000E+00,  0.0000000000000000E+00,  0.0000000000000000E+00,  0.0000000000000000E+00,  0.0000000000000000E+00,  1.4378060760376843E-13,  1.9473311851925246E-13,  2.4091839634365897E-13
penta,exp,4,128,128,1024,16384,256,256,3,10,host,  2.8437115000000013E-02,  2.8395817499999976E-02,  1.8274874999999913E-02,  1.0498780000000041E-03,  3.2081860000000573E-03,  8.0795899999996923E-04,  6.0278600000007732E-04,  3.6490899999996884E-04,  7.4497699999998002E-04,  3.8079699999993277E-04,  4.7469110000000203E-03,  2.3372778999999899E-02,  3.6498030000000625E-03,  2.1368489999999962E-03,  2.9275437819741027E-14,  4.8627768478581856E-14,  2.4091839634365897E-13
penta,ref,4,128,128,1024,16384,256,256,3,10,host,  8.8348410000000044E-02,  8.7554038750000007E-02,  0.0000000000000000E+00,  0.0000000000000000E+00,  0.0000000000000000E+00,  0.0000000000000000E+00,  0.0000000000000000E+00,  0.0000000000000000E+00,  0.0000000000000000E+00,  0.0000000000000000E+00,  0.0000000000000000E+00,  0.0000000000000000E+00,  0.0000000000000000E+00,  0.0000000000000000E+00,  1.4378060760376843E-13,  1.9473311851925246E-13,  2.4091839634365897E-13
penta,exp,4,128,128,1024,16384,256,256,4,10,host,  2.8981479000000032E-02,  2.8655225000000034E-02,  1.8292727000000064E-02,  1.1551230000000912E-03,  3.1953140000000602E-03,  9.5469700000005986E-04,  3.6396900000013055E-04,  3.4515899999987276E-04,  9.0768699999999036E-04,  5.8024100000009238E-04,  4.7557520000000020E-03,  2.3201843000000166E-02,  3.9497750000001552E-03,  2.6095550000000411E-03,  2.9275437819741027E-14,  4.8627768478581856E-14,  2.4091839634365897E-13
penta,ref,4,128,128,1024,16384,256,256,4,10,host,  8.0189073000000000E-02,  7.3557529500000024E-02,  0.0000000000000000E+00,  0.0000000000000000E+00,  0.0000000000000000E+00,  0.0000000000000000E+00,  0.0000000000000000E+00,  0.0000000000000000E+00,  0.0000000000000000E+00,  0.0000000000000000E+00,  0.0000000000000000E+00,  0.0000000000000000E+00,  0.0000000000000000E+00,  0.0000000000000000E+00,  1.4378060760376843E-13,  1.9473311851925246E-13,  2.4091839634365897E-13
penta,exp,4,128,128,1024,16384,256,256,5,10,host,  3.0468560999999950E-02,  3.0150901749999987E-02,  1.8349681999999978E-02,  1.1422730000000270E-03,  5.3670729999999445E-03,  1.0760949999999436E-03,  6.1372700000006386E-04,  2.7758800000010631E-04,  1.6516690000000223E-03,  7.1377100000002969E-04,  4.9286219999999936E-03,  2.3588299000000035E-02,  5.7461179999999112E-03,  2.7937359999999911E-03,  2.9275437819741027E-14,  4.8627768478581856E-14,  2.4091839634365897E-13
penta,ref,4,128,128,1024,16384,256,256,5,10,host,  7.6988340999999960E-02,  7.6792477499999984E-02,  0.0000000000000000E+00,  0.0000000000000000E+00,  0.0000000000000000E+00,  0.0000000000000000E+00,  0.0000000000000000E+00,  0.0000000000000000E+00,  0.0000000000000000E+00,  0.0000000000000000E+00,  0.0000000000000000E+00,  0.0000000000000000E+00,  0.0000000000000000E+00,  0.0000000000000000E+00,  1.4378060760376843E-13,  1.9473311851925246E-13,  2.4091839634365897E-13
penta,exp,4,128,128,1024,16384,256,256,6,10,host,  2.8479051000000033E-02,  2.8427002499999993E-02,  1.7903628000000005E-02,  1.1174280000000314E-03,  4.2100659999999568E-03,  3.1804599999996075E-04,  2.1840299999997814E-04,  3.0056499999997488E-04,  2.0009239999999595E-03,  4.6996300000001767E-04,  4.7751849999999596E-03,  2.2862421999999993E-02,  4.9358689999999816E-03,  2.0741499999999968E-03,  2.9275437819741027E-14,  4.8627768478581856E-14,  2.4091839634365897E-13
penta,ref,4,128,128,1024,16384,256,256,6,10,host,  7.4251515000000046E-02,  7.2901715500000019E-02,  0.0000000000000000E+00,  0.0000000000000000E+00,  0.0000000000000000E+00,  0.0000000000000000E+00,  0.0000000000000000E+00,  0.0000000000000000E+00,  0.0000000000000000E+00,  0.0000000000000000E+00,  0.0000000000000000E+00,  0.0000000000000000E+00,  0.0000000000000000E+00,  0.0000000000000000E+00,  1.4378060760376843E-13,  1.9473311851925246E-13,  2.4091839634365897E-13
penta,exp,4,128,128,1024,16384,256,256,7,10,host,  3.1111773000000120E-02,  2.9606867250000057E-02,  1.8018311999999925E-02,  1.6015930000001788E-03,  4.0223169999999975E-03,  5.1848200000015332E-04,  2.2877399999998715E-04,  3.3842799999983519E-04,  2.7929859999999973E-03,  2.3596300000001680E-03,  4.5980839999999468E-03,  2.2517117000000253E-02,  6.5725610000000323E-03,  4.2459720000000978E-03,  2.9275437819741027E-14,  4.8627768478581856E-14,  2.4091839634365897E-13
penta,ref,4,128,128,1024,16384,256,256,7,10,host,  6.9714194000000118E-02,  6.8678055249999981E-02,  0.0000000000000000E+00,  0.0000000000000000E+00,  0.0000000000000000E+00,  0.0000000000000000E+00,  0.0000000000000000E+00,  0.0000000000000000E+00,  0.0000000000000000E+00,  0.0000000000000000E+00,  0.0000000000000000E+00,  0.0000000000000000E+00,  0.0000000000000000E+00,  0.0000000000000000E+00,  1.4378060760376843E-13,  1.9473311851925246E-13,  2.4091839634365897E-13
penta,exp,4,128,128,1024,16384,256,256,8,10,host,  2.8445464000000031E-02,  2.8022286499999993E-02,  1.8036393999999900E-02,  9.8186300000002724E-04,  3.0275200000000613E-03,  6.4355100000001997E-04,  2.9960499999992507E-04,  2.7116199999999147E-04,  1.5407200000001620E-03,  1.1285910000000676E-03,  4.7128359999999425E-03,  2.3048834999999768E-02,  4.0480680000001268E-03,  2.8559480000003301E-03,  2.9275437819741027E-14,  4.8627768478581856E-14,  2.4091839634365897E-13
penta,ref,4,128,128,1024,16384,256,256,8,10,host,  6.5416663000000153E-02,  6.4326363500000039E-02,  0.0000000000000000E+00,  0.0000000000000000E+00,  0.0000000000000000E+00,  0.0000000000000000E+00,  0.0000000000000000E+00,  0.0000000000000000E+00,  0.0000000000000000E+00,  0.0000000000000000E+00,  0.0000000000000000E+00,  0.0000000000000000E+00,  0.0000000000000000E+00,  0.0000000000000000E+00,  1.4378060760376843E-13,  1.9473311851925246E-13,  2.4091839634365897E-13
penta,exp,4,128,128,1024,16384,256,256,9,10,host,  3.0217624999999915E-02,  3.0118820000000046E-02,  1.9536128000000152E-02,  1.3935490000001050E-03,  3.5799829999998423E-03,  5.4536400000015917E-04,  2.6715400000010270E-04,  2.6411499999978716E-04,  2.3858689999998184E-03,  5.3457100000020574E-04,  4.7587579999999186E-03,  2.4242383000000034E-02,  5.7215589999999317E-03,  2.5076960000003368E-03,  2.9275437819741027E-14,  4.8627768478581856E-14,  2.4091839634365897E-13
penta,ref,4,128,128,1024,16384,256,256,9,10,host,  6.9072883000000029E-02,  6.7943333999999966E-02,  0.0000000000000000E+00,  0.0000000000000000E+00,  0.0000000000000000E+00,  0.0000000000000000E+00,  0.0000000000000000E+00,  0.0000000000000000E+00,  0.0000000000000000E+00,  0.0000000000000000E+00,  0.0000000000000000E+00,  0.0000000000000000E+00,  0.0000000000000000E+00,  0.0000000000000000E+00,  1.4378060760376843E-13,  1.9473311851925246E-13,  2.4091839634365897E-13
penta,exp,4,128,128,2048,16384,512,512,0,10,host,  7.0047283000000002E-02,  6.9079966499999992E-02,  3.7823997000000005E-02,  1.4385449999999994E-03,  1.9573152000000003E-02,  4.5867499999999867E-04,  3.4244800000000214E-04,  4.8310900000000240E-04,  3.9883469999999963E-03,  7.2135599999999939E-04,  8.9301340000000062E-03,  4.6542708000000002E-02,  2.1410893000000007E-02,  2.6446619999999990E-03,  8.2234798741277584E-13,  1.1667333765785770E-12,  1.3653522756840175E-12
penta,ref,4,128,128,2048,16384,512,512,0,10,host,  1.6807340800000001E-01,  1.6621910225000000E-01,  0.0000000000000000E+00,  0.0000000000000000E+00,  0.0000000000000000E+00,  0.0000000000000000E+00,  0.0000000000000000E+00,  0.0000000000000000E+00,  0.0000000000000000E+00,  0.0000000000000000E+00,  0.0000000000000000E+00,  0.0000000000000000E+00,  0.0000000000000000E+00,  0.0000000000000000E+00,  1.5817820829411144E-13,  2.2359891715950653E-13,  1.3653522756840175E-12
penta,exp,4,128,128,2048,16384,512,512,1,10,host,  5.6303398999999921E-02,  5.4873389249999960E-02,  3.7983953000000015E-02,  1.0615200000000380E-03,  5.7302790000000048E-03,  7.1671400000006269E-04,  5.5976899999998775E-04,  2.9057399999998790E-04,  2.1595519999999535E-03,  1.1331169999999613E-03,  9.4756129999999938E-03,  4.7187039999999958E-02,  6.2218700000000737E-03,  3.0968490000000681E-03,  8.2234798741277584E-13,  1.1667333765785770E-12,  1.3653522756840175E-12
penta,ref,4,128,128,2048,16384,512,512,1,10,host,  1.6793395300000002E-01,  1.6465648999999999E-01,  0.0000000000000000E+00,  0.0000000000000000E+00,  0.0000000000000000E+00,  0.0000000000000000E+00,  0.0000000000000000E+00,  0.0000000000000000E+00,  0.0000000000000000E+00,  0.0000000000000000E+00,  0.0000000000000000E+00,  0.0000000000000000E+00,  0.0000000000000000E+00,  0.0000000000000000E+00,  1.5817820829411144E-13,  2.2359891715950653E-13,  1.3653522756840175E-12
penta,exp,4,128,128,2048,16384,512,512,2,10,host,  5.6599178999999999E-02,  5.5661519749999971E-02,  3.7655715999999950E-02,  1.4529660000000000E-03,  6.0715920000000700E-03,  7.3438500000000406E-04,  2.5826100000003738E-04,  2.8768400000001026E-04,  1.6435710000000103E-03,  8.4585400000003474E-04,  9.6475750000000193E-03,  4.6968463000000016E-02,  7.4262980000000534E-03,  2.9111790000001525E-03,  8.2234798741277584E-13,  1.1667333765785770E-12,  1.3653522756840175E-12
penta,ref,4,128,128,2048,16384,512,512,2,10,host,  1.5304090700000006E-01,  1.5087068475000001E-01,  0.0000000000000000E+00,  0.0000000000000000E+00,  0.0000000000000000E+00,  0.0000000000000000E+00,  0.0000000000000000E+00,  0.0000000000000000E+00,  0.0000000000000000E+00,  0.0000000000000000E+00,  0.0000000000000000E+00,  0.0000000000000000E+00,  0.0000000000000000E+00,  0.0000000000000000E+00,  1.5817820829411144E-13,  2.2359891715950653E-13,  1.3653522756840175E-12
penta,exp,4,128,128,2048,16384,512,512,3,10,host,  5.2816135000000042E-02,  5.1484029499999973E-02,  3.7713054999999995E-02,  1.5978999999999299E-03,  4.1289340000001395E-03,  5.8830199999992949E-04,  3.1708699999999368E-04,  3.5885300000004783E-04,  1.0580550000001132E-03,  9.9606299999988046E-04,  9.2528009999999217E-03,  4.7238485000000052E-02,  4.8759900000001632E-03,  2.7747670000000113E-03,  8.2234798741277584E-13,  1.1667333765785770E-12,  1.3653522756840175E-12
penta,ref,4,128,128,2048,16384,512,512,3,10,host,  1.6099571400000001E-01,  1.5886049499999999E-01,  0.0000000000000000E+00,  0.0000000000000000E+00,  0.0000000000000000E+00,  0.0000000000000000E+00,  0.0000000000000000E+00,  0.0000000000000000E+00,  0.0000000000000000E+00,  0.0000000000000000E+00,  0.0000000000000000E+00,  0.0000000000000000E+00,  0.0000000000000000E+00,  0.0000000000000000E+00,  1.5817820829411144E-13,  2.2359891715950653E-13,  1.3653522756840175E-12
penta,exp,4,128,128,2048,16384,512,512,4,10,host,  5.2363170000000014E-02,  5.1912229249999997E-02,  3.7653309999999829E-02,  1.5992920000000854E-03,  3.7406349999997701E-03,  6.4255800000001528E-04,  3.5955999999992549E-04,  3.5862100000016994E-04,  1.3683460000000203E-03,  4.0935499999994462E-04,  9.4173269999999754E-03,  4.7010403000000256E-02,  5.1089809999997904E-03,  2.4909120000002893E-03,  8.2234798741277584E-13,  1.1667333765785770E-12,  1.3653522756840175E-12
penta,ref,4,128,128,2048,16384,512,512,4,10,host,  1.3815298299999990E-01,  1.3647209825000006E-01,  0.0000000000000000E+00,  0.0000000000000000E+00,  0.0000000000000000E+00,  0.0000000000000000E+00,  0.0000000000000000E+00,  0.0000000000000000E+00,  0.0000000000000000E+00,  0.0000000000000000E+00,  0.0000000000000000E+00,  0.0000000000000000E+00,  0.0000000000000000E+00,  0.0000000000000000E+00,  1.5817820829411144E-13,  2.2359891715950653E-13,  1.3653522756840175E-12
penta,exp,4,128,128,2048,16384,512,512,5,10,host,  5.2761706999999936E-02,  5.2161101749999939E-02,  3.8425474000000071E-02,  1.5946190000000193E-03,  4.0047939999998672E-03,  6.0181599999986624E-04,  5.5357200000005768E-04,  7.0488800000001461E-04,  8.2299399999996581E-04,  3.5170999999989405E-04,  9.4534490000000027E-03,  4.8367897000000104E-02,  4.8277879999998330E-03,  2.8081149999998889E-03,  8.2234798741277584E-13,  1.1667333765785770E-12,  1.3653522756840175E-12
penta,ref,4,128,128,2048,16384,512,512,5,10,host,  1.3226399799999999E-01,  1.3097593675000008E-01,  0.0000000000000000E+00,  0.0000000000000000E+00,  0.0000000000000000E+00,  0.0000000000000000E+00,  0.0000000000000000E+00,  0.0000000000000000E+00,  0.0000000000000000E+00,  0.0000000000000000E+00,  0.0000000000000000E+00,  0.0000000000000000E+00,  0.0000000000000000E+00,  0.0000000000000000E+00,  1.5817820829411144E-13,  2.2359891715950653E-13,  1.3653522756840175E-12
penta,exp,4,128,128,2048,16384,512,512,6,10,host,  5.5695766000000146E-02,  5.4709680500000024E-02,  3.7977857000000004E-02,  1.5995140000000241E-03,  5.6086490000000211E-03,  9.1660699999995821E-04,  8.0813899999987449E-04,  1.0348689999999383E-03,  1.9698980000000255E-03,  1.2958050000000387E-03,  9.4937699999999570E-03,  4.7679427000000052E-02,  6.8353679999999528E-03,  3.3717939999999835E-03,  8.2234798741277584E-13,  1.1667333765785770E-12,  1.3653522756840175E-12
penta,ref,4,128,128,2048,16384,512,512,6,10,host,  1.3062893300000011E-01,  1.2804434874999998E-01,  0.0000000000000000E+00,  0.0000000000000000E+00,  0.0000000000000000E+00,  0.0000000000000000E+00,  0.0000000000000000E+00,  0.0000000000000000E+00,  0.0000000000000000E+00,  0.0000000000000000E+00,  0.0000000000000000E+00,  0.0000000000000000E+00,  0.0000000000000000E+00,  0.0000000000000000E+00,  1.5817820829411144E-13,  2.2359891715950653E-13,  1.3653522756840175E-12
penta,exp,4,128,128,2048,16384,512,512,7,10,host,  5.2412201000000103E-02,  5.2346578749999984E-02,  3.7276226999999995E-02,  1.5912009999998755E-03,  3.7552799999998054E-03,  7.8051999999972921E-04,  5.7461799999991570E-04,  5.4409800000021491E-04,  5.3055100000021227E-04,  5.6683199999962852E-04,  9.5244919999997180E-03,  4.7262780999999698E-02,  4.2858310000000177E-03,  3.3180429999999372E-03,  8.2234798741277584E-13,  1.1667333765785770E-12,  1.3653522756840175E-12
penta,ref,4,128,128,2048,16384,512,512,7,10,host,  1.4700064999999984E-01,  1.2593452550000017E-01,  0.0000000000000000E+00,  0.0000000000000000E+00,  0.0000000000000000E+00,  0.0000000000000000E+00,  0.0000000000000000E+00,  0.0000000000000000E+00,  0.0000000000000000E+00,  0.0000000000000000E+00,  0.0000000000000000E+00,  0.0000000000000000E+00,  0.0000000000000000E+00,  0.0000000000000000E+00,  1.5817820829411144E-13,  2.2359891715950653E-13,  1.3653522756840175E-12
penta,exp,4,128,128,2048,16384,512,512,8,10,host,  5.4136519000000050E-02,  5.3862575500000065E-02,  3.7613885999999930E-02,  1.5783929999999557E-03,  4.6529539999999869E-03,  8.0291199999971141E-04,  3.3351200000009129E-04,  6.3832799999996581E-04,  2.1168469999999218E-03,  1.2212280000003517E-03,  9.0091949999999699E-03,  4.6463090000000484E-02,  6.4603640000000517E-03,  2.9986389999994145E-03,  8.2234798741277584E-13,  1.1667333765785770E-12,  1.3653522756840175E-12
penta,ref,4,128,128,2048,16384,512,512,8,10,host,  1.2925065800000013E-01,  1.2726852849999992E-01,  0.0000000000000000E+00,  0.0000000000000000E+00,  0.0000000000000000E+00,  0.0000000000000000E+00,  0.0000000000000000E+00,  0.0000000000000000E+00,  0.0000000000000000E+00,  0.0000000000000000E+00,  0.0000000000000000E+00,  0.0000000000000000E+00,  0.0000000000000000E+00,  0.0000000000000000E+00,  1.5817820829411144E-13,  2.2359891715950653E-13,  1.3653522756840175E-12
penta,exp,4,128,128,2048,16384,512,512,9,10,host,  5.4481512000000176E-02,  5.3539111500000014E-02,  3.9148487999999926E-02,  1.6013390000000349E-03,  4.7189130000000468E-03,  9.1561000000028869E-04,  3.7025700000015149E-04,  2.8170200000010581E-04,  1.0506690000000596E-03,  4.6973200000000048E-04,  9.5936529999995912E-03,  4.9112397999999668E-02,  5.7695820000001063E-03,  2.2798510000003880E-03,  8.2234798741277584E-13,  1.1667333765785770E-12,  1.3653522756840175E-12
penta,ref,4,128,128,2048,16384,512,512,9,10,host,  1.3200484400000034E-01,  1.2368627350000005E-01,  0.0000000000000000E+00,  0.0000000000000000E+00,  0.0000000000000000E+00,  0.0000000000000000E+00,  0.0000000000000000E+00,  0.0000000000000000E+00,  0.0000000000000000E+00,  0.0000000000000000E+00,  0.0000000000000000E+00,  0.0000000000000000E+00,  0.0000000000000000E+00,  0.0000000000000000E+00,  1.5817820829411144E-13,  2.2359891715950653E-13,  1.3653522756840175E-12
penta,exp,4,128,64,2048,8192,512,512,0,10,host,  3.5197513999999999E-02,  3.4138999749999996E-02,  1.6962336999999997E-02,  1.5746349999999978E-03,  9.7328409999999990E-03,  6.2725400000000070E-04,  3.3877300000000055E-04,  5.1227400000000006E-04,  2.4123479999999982E-03,  2.0322210000000007E-03,  4.5514970000000016E-03,  2.1509652999999993E-02,  1.1334912000000003E-02,  3.2549999999999975E-03,  8.2234798741277584E-13,  1.1667333765785770E-12,  1.3653522756840175E-12
penta,ref,4,128,64,2048,8192,512,512,0,10,host,  1.5665199700000002E-01,  1.2597061300000001E-01,  0.0000000000000000E+00,  0.0000000000000000E+00,  0.0000000000000000E+00,  0.0000000000000000E+00,  0.0000000000000000E+00,  0.0000000000000000E+00,  0.0000000000000000E+00,  0.0000000000000000E+00,  0.0000000000000000E+00,  0.0000000000000000E+00,  0.0000000000000000E+00,  0.0000000000000000E+00,  1.5817820829411144E-13,  2.2359891715950653E-13,  1.3653522756840175E-12
penta,exp,4,128,64,2048,8192,512,512,1,10,host,  2.7707742999999896E-02,  2.5796065749999958E-02,  1.7006183000000008E-02,  1.6164560000000439E-03,  2.4037300000000483E-03,  1.6019250000000040E-03,  4.1525499999994775E-04,  3.4575599999997486E-04,  1.9142690000000240E-03,  9.0315200000001816E-04,  4.6332660000000248E-03,  2.1949817000000094E-02,  4.0486849999999963E-03,  2.4816019999999162E-03,  8.2234798741277584E-13,  1.1667333765785770E-12,  1.3653522756840175E-12
penta,ref,4,128,64,2048,8192,512,512,1,10,host,  1.0865288399999995E-01,  1.0806026499999999E-01,  0.0000000000000000E+00,  0.0000000000000000E+00,  0.0000000000000000E+00,  0.0000000000000000E+00,  0.0000000000000000E+00,  0.0000000000000000E+00,  0.0000000000000000E+00,  0.0000000000000000E+00,  0.0000000000000000E+00,  0.0000000000000000E+00,  0.0000000000000000E+00,  0.0000000000000000E+00,  1.5817820829411144E-13,  2.2359891715950653E-13,  1.3653522756840175E-12
penta,exp,4,128,64,2048,8192,512,512,2,10,host,  2.5963966999999921E-02,  2.5381778499999952E-02,  1.6218688000000037E-02,  1.4794450000000792E-03,  1.7477699999999263E-03,  1.2634529999999700E-03,  6.3165200000003807E-04,  3.3245500000000927E-04,  7.4855399999984584E-04,  4.2688900000009689E-04,  4.5962840000000060E-03,  2.1041157000000088E-02,  2.2717359999999687E-03,  3.2959800000000872E-03,  8.2234798741277584E-13,  1.1667333765785770E-12,  1.3653522756840175E-12
penta,ref,4,128,64,2048,8192,512,512,2,10,host,  1.0805275299999995E-01,  1.0666161124999995E-01,  0.0000000000000000E+00,  0.0000000000000000E+00,  0.0000000000000000E+00,  0.0000000000000000E+00,  0.0000000000000000E+00,  0.0000000000000000E+00,  0.0000000000000000E+00,  0.0000000000000000E+00,  0.0000000000000000E+00,  0.0000000000000000E+00,  0.0000000000000000E+00,  0.0000000000000000E+00,  1.5817820829411144E-13,  2.2359891715950653E-13,  1.3653522756840175E-12
penta,exp,4,128,64,2048,8192,512,512,3,10,host,  2.6224782999999974E-02,  2.5133966250000028E-02,  1.7115258000000022E-02,  1.0678030000000893E-03,  2.9624560000000022E-03,  5.6254400000010918E-04,  2.4509799999994364E-04,  3.2453399999998744E-04,  1.7778459999999718E-03,  1.5098279999999908E-03,  4.5393469999999159E-03,  2.1277668999999944E-02,  3.2648920000000192E-03,  3.3747360000000448E-03,  8.2234798741277584E-13,  1.1667333765785770E-12,  1.3653522756840175E-12
penta,ref,4,128,64,2048,8192,512,512,3,10,host,  1.3271670899999999E-01,  1.1515039650000000E-01,  0.0000000000000000E+00,  0.0000000000000000E+00,  0.0000000000000000E+00,  0.0000000000000000E+00,  0.0000000000000000E+00,  0.0000000000000000E+00,  0.0000000000000000E+00,  0.0000000000000000E+00,  0.0000000000000000E+00,  0.0000000000000000E+00,  0.0000000000000000E+00,  0.0000000000000000E+00,  1.5817820829411144E-13,  2.2359891715950653E-13,  1.3653522756840175E-12
penta,exp,4,128,64,2048,8192,512,512,4,10,host,  2.6838303000000008E-02,  2.6059137749999989E-02,  1.6054400999999996E-02,  1.5414189999999328E-03,  1.7754150000000024E-03,  1.0291510000000059E-03,  2.7745899999997992E-04,  6.7032100000008477E-04,  2.3969369999999879E-03,  6.0552599999996737E-04,  4.6055019999999836E-03,  2.0930752999999913E-02,  4.0404789999999302E-03,  2.8138550000000873E-03,  8.2234798741277584E-13,  1.1667333765785770E-12,  1.3653522756840175E-12
penta,ref,4,128,64,2048,8192,512,512,4,10,host,  1.1910665999999992E-01,  1.0597481499999994E-01,  0.0000000000000000E+00,  0.0000000000000000E+00,  0.0000000000000000E+00,  0.0000000000000000E+00,  0.0000000000000000E+00,  0.0000000000000000E+00,  0.0000000000000000E+00,  0.0000000000000000E+00,  0.0000000000000000E+00,  0.0000000000000000E+00,  0.0000000000000000E+00,  0.0000000000000000E+00,  1.5817820829411144E-13,  2.2359891715950653E-13,  1.3653522756840175E-12
penta,exp,4,128,64,2048,8192,512,512,5,10,host,  2.6634753000000178E-02,  2.5422469999999975E-02,  1.6193520000000072E-02,  1.5728090000000083E-03,  2.9909560000001001E-03,  4.5312099999983424E-04,  2.2254699999990635E-04,  1.8579900000004201E-04,  8.5648900000001582E-04,  5.1235800000015708E-04,  4.6199950000000989E-03,  2.0939951000000123E-02,  3.7562800000001673E-03,  2.4097300000003319E-03,  8.2234798741277584E-13,  1.1667333765785770E-12,  1.3653522756840175E-12
penta,ref,4,128,64,2048,8192,512,512,5,10,host,  1.2453627599999995E-01,  1.1660827424999998E-01,  0.0000000000000000E+00,  0.0000000000000000E+00,  0.0000000000000000E+00,  0.0000000000000000E+00,  0.0000000000000000E+00,  0.0000000000000000E+00,  0.0000000000000000E+00,  0.0000000000000000E+00,  0.0000000000000000E+00,  0.0000000000000000E+00,  0.0000000000000000E+00,  0.0000000000000000E+00,  1.5817820829411144E-13,  2.2359891715950653E-13,  1.3653522756840175E-12
penta,exp,4,128,64,2048,8192,512,512,6,10,host,  2.6177549000000244E-02,  2.4498956750000134E-02,  1.6038479000000105E-02,  1.5164100000000236E-03,  1.5708580000000083E-03,  6.9748099999999980E-04,  3.3545099999998662E-04,  3.7250399999999573E-04,  6.6976200000001818E-04,  1.3760399999998008E-03,  4.7100350000000013E-03,  2.1044137000000074E-02,  2.2290810000002992E-03,  3.0627179999997978E-03,  8.2234798741277584E-13,  1.1667333765785770E-12,  1.3653522756840175E-12
penta,ref,4,128,64,2048,8192,512,512,6,10,host,  1.0015475600000001E-01,  9.9589393499999901E-02,  0.0000000000000000E+00,  0.0000000000000000E+00,  0.0000000000000000E+00,  0.0000000000000000E+00,  0.0000000000000000E+00,  0.0000000000000000E+00,  0.0000000000000000E+00,  0.0000000000000000E+00,  0.0000000000000000E+00,  0.0000000000000000E+00,  0.0000000000000000E+00,  0.0000000000000000E+00,  1.5817820829411144E-13,  2.2359891715950653E-13,  1.3653522756840175E-12
penta,exp,4,128,64,2048,8192,512,512,7,10,host,  2.5607780999999941E-02,  2.4499223249999980E-02,  1.6111596000000006E-02,  1.4964540000002025E-03,  1.8009670000000977E-03,  6.3396300000007066E-04,  2.8604499999995703E-04,  2.5739699999993704E-04,  8.7858699999987522E-04,  4.7922700000002649E-04,  4.5405800000000163E-03,  2.0874103000000144E-02,  2.6795539999999729E-03,  2.5104210000004290E-03,  8.2234798741277584E-13,  1.1667333765785770E-12,  1.3653522756840175E-12
penta,ref,4,128,64,2048,8192,512,512,7,10,host,  1.1298971000000013E-01,  1.1224432425000008E-01,  0.0000000000000000E+00,  0.0000000000000000E+00,  0.0000000000000000E+00,  0.0000000000000000E+00,  0.0000000000000000E+00,  0.0000000000000000E+00,  0.0000000000000000E+00,  0.0000000000000000E+00,  0.0000000000000000E+00,  0.0000000000000000E+00,  0.0000000000000000E+00,  0.0000000000000000E+00,  1.5817820829411144E-13,  2.2359891715950653E-13,  1.3653522756840175E-12
penta,exp,4,128,64,2048,8192,512,512,8,10,host,  2.5960497000000027E-02,  2.5144759750000023E-02,  1.6366103000000187E-02,  1.4760750000000211E-03,  2.6392040000000616E-03,  2.8852399999967915E-04,  1.6675999999993252E-04,  1.5628599999994996E-04,  1.5273049999999788E-03,  7.7494399999999963E-04,  4.7001060000000372E-03,  2.1058034000000170E-02,  3.0993079999999118E-03,  2.1421399999999036E-03,  8.2234798741277584E-13,  1.1667333765785770E-12,  1.3653522756840175E-12
penta,ref,4,128,64,2048,8192,512,512,8,10,host,  1.1167258199999996E-01,  1.0982171275000002E-01,  0.0000000000000000E+00,  0.0000000000000000E+00,  0.0000000000000000E+00,  0.0000000000000000E+00,  0.0000000000000000E+00,  0.0000000000000000E+00,  0.0000000000000000E+00,  0.0000000000000000E+00,  0.0000000000000000E+00,  0.0000000000000000E+00,  0.0000000000000000E+00,  0.0000000000000000E+00,  1.5817820829411144E-13,  2.2359891715950653E-13,  1.3653522756840175E-12
penta,exp,4,128,64,2048,8192,512,512,9,10,host,  2.7779597999999961E-02,  2.7515462250000011E-02,  1.6735697000000105E-02,  1.4893230000001534E-03,  3.6563789999999319E-03,  6.9551999999983849E-04,  2.5001299999982685E-04,  2.8630899999981807E-04,  3.0847149999999601E-03,  6.9704899999978309E-04,  4.5786590000000960E-03,  2.1400616000000205E-02,  4.9127159999999837E-03,  2.8082899999994915E-03,  8.2234798741277584E-13,  1.1667333765785770E-12,  1.3653522756840175E-12
penta,ref,4,128,64,2048,8192,512,512,9,10,host,  1.0192602399999995E-01,  1.0054412149999997E-01,  0.0000000000000000E+00,  0.0000000000000000E+00,  0.0000000000000000E+00,  0.0000000000000000E+00,  0.0000000000000000E+00,  0.0000000000000000E+00,  0.0000000000000000E+00,  0.0000000000000000E+00,  0.0000000000000000E+00,  0.0000000000000000E+00,  0.0000000000000000E+00,  0.0000000000000000E+00,  1.5817820829411144E-13,  2.2359891715950653E-13,  1.3653522756840175E-12
